HC,BbMxAHA,AST,WHH,HTR,FTR,WHD,BbAvA,BbAvAHH,BWA,HST,AwayTeam,BbAv>2.5,HomeTeam,Div,FTHG,HR,BbMxA,AC,AY,VCD,HY,BWH,WHA,HTAG,HF,B365A,LBA,BbMxD,BbAvD,VCA,B365D,AF,Date,LBD,HTHG,Bb1X2,VCH,AR,IWD,BWD,BbOU,BbAvAHA,FTAG,B365H,BbMxAHH,AS,LBH,BbMx<2.5,BbAH,BbAv<2.5,BbMxH,BbAHh,BbMx>2.5,IWA,BbAvH,IWH,HS
4,1.85,3,,D,D,,1.48,2.05,1.45,5,Barcelona,1.86,Santander,SP1,0,1,1.55,8,1,3.4,1,6.5,,0,13,1.44,1.5,4.26,3.75,1.45,4.0,11,26/08/07,3.5,0,43,7.5,0,3.6,3.85,32,1.78,0,7.5,2.17,13,6.0,1.95,23.0,1.86,7.95,1.0,2.0,1.5,6.77,6.0,14
4,2.02,5,,H,H,,12.11,1.91,10.0,6,Ath Bilbao,1.65,Barcelona,SP1,3,1,16.0,4,2,5.0,1,1.2,,0,20,15.0,10.0,6.75,5.6,10.0,6.5,15,02/09/07,5.0,2,46,1.22,1,4.8,6.0,38,1.96,1,1.16,1.95,9,1.22,2.35,22.0,2.11,1.26,-1.75,1.72,11.0,1.21,1.22,16
2,2.1,3,,D,D,,1.56,1.84,1.55,2,Barcelona,1.88,Osasuna,SP1,0,0,1.62,1,2,3.4,3,5.75,,0,19,1.53,1.57,4.1,3.59,1.53,4.0,18,16/09/07,3.25,0,45,6.0,0,3.5,3.5,32,2.01,0,6.25,1.92,9,5.5,1.98,21.0,1.87,6.75,1.0,2.0,1.6,5.92,5.0,7
6,2.01,2,,D,H,,4.81,1.94,5.0,6,Sevilla,1.84,Barcelona,SP1,2,0,5.5,1,5,3.5,3,1.65,,0,22,5.0,4.33,3.85,3.38,5.0,3.75,19,22/09/07,3.2,0,47,1.6,0,3.5,3.4,38,1.94,1,1.66,2.05,6,1.72,2.04,25.0,1.9,1.75,-0.75,1.91,5.5,1.7,1.55,15
12,1.79,3,,H,H,,8.36,2.09,9.0,13,Zaragoza,1.63,Barcelona,SP1,4,0,10.0,0,3,3.75,2,1.3,,1,8,10.0,7.0,5.0,4.33,9.0,4.75,17,26/09/07,3.75,4,39,1.35,0,4.2,4.5,29,1.73,1,1.33,2.2,5,1.4,2.25,23.0,2.13,1.4,-1.5,1.67,7.5,1.36,1.35,25
2,1.88,9,,A,A,,1.38,2.05,1.35,3,Barcelona,1.74,Levante,SP1,1,0,1.44,3,0,4.35,5,8.0,,2,15,1.4,1.33,4.8,4.14,1.3,4.5,14,29/09/07,4.0,0,48,8.5,0,3.7,4.2,40,1.83,4,8.0,2.12,15,8.0,2.2,26.0,2.0,9.75,1.25,1.82,1.4,8.11,7.5,7
5,2.08,3,,H,H,,6.79,1.85,6.5,10,Ath Madrid,1.74,Barcelona,SP1,3,0,7.75,5,4,3.4,1,1.45,,0,11,7.5,6.0,4.4,3.73,7.5,4.2,16,07/10/07,3.4,2,42,1.45,0,3.6,3.85,33,2.02,0,1.44,1.9,8,1.5,2.13,23.0,2.01,1.5,-1.0,1.83,7.0,1.48,1.45,17
0,1.88,6,,H,H,,1.86,2.0,1.85,4,Barcelona,1.76,Villarreal,SP1,3,0,1.95,9,3,3.25,1,4.0,,1,13,1.85,1.9,3.65,3.3,1.8,3.5,21,20/10/07,3.2,3,48,4.0,0,3.1,3.2,38,1.86,1,4.2,2.07,13,3.5,2.12,27.0,1.98,4.5,0.5,1.82,1.9,4.0,3.8,8
11,1.96,3,,H,H,,13.51,2.0,13.0,6,Almeria,1.52,Barcelona,SP1,2,0,18.12,0,3,5.5,2,1.15,,0,16,15.0,12.0,6.54,5.82,13.0,6.5,12,28/10/07,5.5,1,45,1.17,0,5.0,6.35,36,1.88,0,1.18,2.05,7,1.16,2.63,27.0,2.36,1.21,-1.75,1.57,12.0,1.19,1.2,14
4,2.18,2,,D,D,,1.45,1.77,1.45,8,Barcelona,1.63,Valladolid,SP1,1,0,1.55,11,0,4.0,1,7.5,,1,22,1.44,1.5,4.33,3.88,1.4,4.33,12,01/11/07,3.5,1,43,7.0,0,3.7,3.55,36,2.09,1,7.0,1.83,12,6.0,2.38,25.0,2.15,7.7,1.25,1.68,1.45,6.8,6.5,13
6,2.0,2,1.22,H,H,5.0,12.4,1.94,11.0,7,Betis,1.59,Barcelona,SP1,3,0,15.0,4,3,5.5,0,1.2,9.5,0,6,15.0,10.0,6.5,5.54,13.0,6.0,23,04/11/07,5.0,1,45,1.18,0,4.8,5.55,37,1.93,0,1.2,1.98,6,1.22,2.4,22.0,2.22,1.25,-1.75,1.65,11.0,1.21,1.22,19
3,2.09,2,5.5,H,H,3.5,1.57,1.83,1.55,5,Barcelona,1.68,Getafe,SP1,2,0,1.65,4,4,3.5,2,6.4,1.53,0,19,1.57,1.57,3.8,3.52,1.55,3.75,13,10/11/07,3.5,1,46,5.5,1,3.4,3.3,37,2.04,0,6.0,1.87,10,5.0,2.2,25.0,2.05,6.6,1.0,1.76,1.65,5.82,4.7,13
13,1.89,0,1.14,D,H,6.0,13.92,2.02,13.0,7,Recreativo,1.6,Barcelona,SP1,3,0,19.0,2,4,5.5,2,1.15,12.0,0,13,15.0,12.0,7.5,6.18,15.0,7.0,13,24/11/07,5.5,0,41,1.17,0,5.4,6.5,35,1.84,0,1.16,2.08,4,1.16,2.35,19.0,2.18,1.2,-2.0,1.67,13.0,1.17,1.17,19
4,2.13,7,3.2,A,D,3.2,2.02,1.8,1.97,2,Barcelona,1.8,Espanol,SP1,1,0,2.13,7,1,3.25,2,3.75,2.0,1,17,2.0,2.0,3.35,3.2,1.9,3.3,16,01/12/07,3.2,0,38,3.6,0,3.1,3.05,28,2.08,1,3.8,1.85,16,3.2,2.03,19.0,1.93,3.8,0.5,1.9,2.0,3.52,3.4,12
10,2.14,5,1.17,D,H,5.5,12.46,1.8,12.0,12,La Coruna,1.59,Barcelona,SP1,2,0,16.0,0,3,5.5,1,1.2,12.0,1,18,15.0,10.0,6.0,5.42,13.0,6.0,20,09/12/07,4.5,1,42,1.18,0,4.8,5.35,32,2.09,1,1.2,1.84,9,1.25,2.35,23.0,2.21,1.25,-1.75,1.66,11.0,1.21,1.22,20
3,2.1,11,3.1,A,A,3.1,2.04,1.83,2.0,2,Barcelona,1.89,Valencia,SP1,0,0,2.1,6,1,3.2,3,3.6,2.1,2,18,2.1,2.1,3.42,3.22,2.0,3.3,15,15/12/07,3.2,0,43,3.4,0,3.1,3.1,33,2.05,3,3.5,1.88,16,3.0,1.95,24.0,1.85,3.95,0.5,2.0,2.1,3.44,3.2,11
7,2.75,5,1.91,A,A,3.0,3.56,1.44,3.15,6,Real Madrid,1.71,Barcelona,SP1,0,0,3.85,0,1,3.2,2,2.15,3.75,1,19,3.7,3.5,3.4,3.2,3.4,3.4,23,23/12/07,3.0,0,39,2.0,0,3.1,3.15,27,2.59,1,2.0,1.5,11,2.0,2.16,21.0,2.03,2.11,0.0,1.8,3.4,2.02,2.0,16
2,2.08,4,4.33,D,A,3.4,1.74,1.87,1.7,2,Barcelona,1.74,Mallorca,SP1,0,0,1.8,5,3,3.3,1,5.05,1.67,0,16,1.75,1.8,3.65,3.36,1.65,3.5,12,05/01/08,3.2,0,41,5.0,0,3.2,3.15,33,2.03,2,4.75,1.9,15,4.0,2.18,26.0,2.0,5.5,0.75,1.85,1.8,4.7,4.0,10
4,1.83,3,1.14,H,H,5.5,13.93,2.08,13.0,10,Murcia,1.57,Barcelona,SP1,4,0,19.0,5,1,5.5,3,1.15,15.0,0,13,19.0,12.0,7.2,6.01,15.0,6.0,9,12/01/08,5.5,1,34,1.17,0,5.4,6.5,29,1.77,0,1.18,2.13,9,1.16,2.4,17.0,2.26,1.22,-2.0,1.65,13.0,1.18,1.17,18
5,2.14,1,1.29,H,H,4.2,10.63,1.78,10.0,2,Santander,1.64,Barcelona,SP1,1,0,13.0,2,2,5.5,1,1.3,9.0,0,10,11.0,10.0,5.55,4.8,13.0,5.25,19,20/01/08,4.0,1,37,1.18,0,4.8,4.25,33,2.08,0,1.28,1.85,9,1.29,2.26,22.0,2.12,1.3,-1.5,1.73,9.5,1.27,1.25,12
3,1.85,2,5.0,A,D,3.5,1.64,2.08,1.6,6,Barcelona,1.88,Ath Bilbao,SP1,1,0,1.75,3,0,3.5,3,5.45,1.57,1,21,1.66,1.66,3.6,3.4,1.55,3.5,12,27/01/08,3.2,0,37,5.5,0,3.3,3.4,32,1.81,1,5.5,2.13,8,5.0,2.0,20.0,1.86,6.45,0.75,2.03,1.7,5.44,4.5,17
10,1.98,3,1.17,D,H,5.5,12.16,1.95,9.0,6,Osasuna,1.64,Barcelona,SP1,1,0,15.0,1,3,5.0,0,1.22,12.0,0,18,15.0,10.0,6.3,5.55,13.0,5.5,17,03/02/08,5.0,0,37,1.2,0,4.8,5.75,32,1.93,0,1.22,2.0,9,1.22,2.25,22.0,2.12,1.25,-1.75,1.73,11.0,1.21,1.22,17
2,1.98,5,2.62,H,D,2.9,2.5,1.97,2.5,6,Barcelona,1.81,Sevilla,SP1,1,1,2.7,2,4,3.2,3,2.65,2.5,0,20,2.5,2.5,3.3,3.14,2.35,3.25,14,09/02/08,3.0,1,40,2.7,0,3.1,3.1,34,1.86,1,2.8,2.05,13,2.6,2.07,22.0,1.93,2.9,0.0,1.89,2.55,2.72,2.55,19
2,1.83,5,3.3,A,A,3.25,2.02,2.1,1.95,3,Barcelona,1.9,Zaragoza,SP1,1,0,2.15,3,2,3.3,4,3.8,1.95,1,22,2.0,1.9,3.39,3.21,2.1,3.3,17,16/02/08,3.2,0,37,3.75,0,3.2,3.05,30,1.79,2,3.75,2.14,12,3.5,1.95,20.0,1.85,3.95,0.25,2.03,2.0,3.59,3.3,13
8,1.88,4,1.11,H,H,6.0,17.55,2.06,16.0,8,Levante,1.51,Barcelona,SP1,5,0,23.0,4,0,8.5,0,1.1,17.0,1,11,21.0,15.0,8.5,6.93,21.0,8.0,8,24/02/08,6.0,2,40,1.14,0,6.0,7.5,35,1.84,1,1.12,2.1,8,1.12,2.63,22.0,2.39,1.15,-2.25,1.57,16.0,1.13,1.12,21
0,2.03,5,3.5,H,H,3.2,1.97,1.87,2.05,6,Barcelona,1.86,Ath Madrid,SP1,4,0,2.05,5,4,3.25,4,3.25,1.91,1,15,2.0,1.91,3.5,3.29,1.9,3.4,16,01/03/08,3.2,2,40,3.6,0,3.1,3.25,32,2.0,2,3.75,1.92,17,3.5,2.0,23.0,1.87,4.05,0.5,2.0,2.0,3.63,3.4,8
10,2.09,4,1.4,A,A,3.75,7.17,1.86,6.5,4,Villarreal,1.68,Barcelona,SP1,1,0,8.25,2,4,4.35,5,1.45,7.0,1,22,6.0,6.5,4.35,3.93,7.0,4.2,18,09/03/08,3.6,0,41,1.5,0,3.8,3.9,29,2.0,2,1.5,1.9,8,1.44,2.21,22.0,2.07,1.5,-1.0,1.73,7.0,1.45,1.4,9
8,1.93,5,4.5,D,D,3.3,1.76,2.03,1.7,5,Barcelona,1.98,Almeria,SP1,2,0,1.88,5,3,3.3,0,4.7,1.67,1,15,1.75,1.73,3.59,3.36,1.75,3.5,12,16/03/08,3.2,1,40,4.35,1,3.2,3.3,31,1.86,2,4.75,2.05,8,4.5,1.85,23.0,1.76,5.0,0.5,2.12,1.75,4.59,4.3,18
4,2.05,2,1.2,D,H,5.0,11.57,1.86,11.0,11,Valladolid,1.66,Barcelona,SP1,4,0,13.35,4,1,6.0,1,1.2,11.0,1,12,12.0,10.0,6.6,5.36,13.0,6.0,18,23/03/08,5.0,1,44,1.25,0,4.8,5.55,34,2.0,1,1.22,1.95,11,1.22,2.23,25.0,2.09,1.27,-1.5,1.8,9.5,1.23,1.25,18
3,2.02,5,4.2,A,H,3.25,1.71,1.91,1.65,8,Barcelona,1.89,Betis,SP1,3,0,1.77,3,0,3.8,2,5.0,1.72,2,18,1.72,1.67,3.8,3.43,1.75,3.6,12,29/03/08,3.3,0,44,4.8,0,3.4,3.4,35,1.98,2,4.75,1.95,13,4.5,1.94,23.0,1.85,5.5,0.75,2.0,1.7,4.8,4.3,13
9,1.88,4,1.3,D,D,4.33,8.97,2.04,8.0,2,Getafe,1.68,Barcelona,SP1,0,0,10.91,3,1,5.0,2,1.35,8.0,0,14,9.5,7.0,5.2,4.39,9.0,4.75,9,06/04/08,4.0,0,46,1.35,0,4.6,4.2,39,1.84,0,1.33,2.12,11,1.36,2.15,25.0,2.06,1.4,-1.5,1.75,8.0,1.34,1.3,19
5,1.9,3,4.33,D,D,3.3,1.77,2.02,1.7,5,Barcelona,1.86,Recreativo,SP1,2,0,1.9,5,2,3.9,2,4.5,1.7,1,24,1.72,1.8,3.75,3.42,1.75,3.75,15,12/04/08,3.2,1,47,4.7,0,3.3,3.4,38,1.85,2,4.5,2.1,11,4.0,1.95,27.0,1.88,4.9,0.5,1.99,1.7,4.42,4.5,14
7,1.92,1,1.5,D,D,3.4,6.42,1.98,6.75,6,Espanol,1.77,Barcelona,SP1,0,0,7.2,2,6,4.0,6,1.45,6.0,0,15,7.0,6.0,4.15,3.66,6.5,3.75,16,19/04/08,3.5,0,42,1.55,0,3.6,3.75,35,1.86,0,1.53,2.06,6,1.5,2.1,25.0,1.98,1.59,-1.0,1.87,6.0,1.52,1.5,18
4,2.1,1,2.62,D,H,3.1,2.63,1.84,2.25,6,Barcelona,1.97,La Coruna,SP1,2,0,2.97,2,4,3.3,1,2.85,2.38,0,16,2.4,2.5,3.3,3.2,2.75,3.3,17,26/04/08,3.2,0,46,2.65,0,3.1,3.25,40,1.96,0,2.87,1.91,10,2.5,1.85,27.0,1.77,2.75,0.0,2.17,2.4,2.6,2.7,24
7,2.02,2,1.67,H,H,3.3,4.86,1.92,4.7,12,Valencia,1.84,Barcelona,SP1,6,0,5.15,5,3,3.3,3,1.65,4.5,0,16,5.0,4.5,3.8,3.44,4.5,3.75,15,04/05/08,3.5,3,48,1.7,0,3.6,3.5,41,1.96,0,1.66,1.96,6,1.62,2.01,27.0,1.88,1.75,-0.75,2.0,4.8,1.68,1.6,17
5,2.25,4,2.1,H,H,3.2,3.03,1.63,3.0,12,Barcelona,1.74,Real Madrid,SP1,4,0,3.2,3,4,3.3,3,2.25,3.0,0,14,3.25,3.2,3.35,3.19,3.1,3.2,18,07/05/08,3.2,2,46,2.4,1,3.3,3.3,38,2.18,1,2.25,1.75,14,2.0,2.16,27.0,2.01,2.4,0.0,1.82,2.8,2.26,2.2,19
6,1.85,9,1.57,H,A,3.6,5.69,2.04,5.3,4,Mallorca,1.56,Barcelona,SP1,2,1,6.5,9,2,3.75,1,1.55,4.8,0,17,6.0,5.5,4.25,3.73,6.5,3.75,11,11/05/08,4.0,1,46,1.45,0,3.7,3.7,38,1.8,3,1.57,2.11,22,1.44,2.45,24.0,2.28,1.66,-1.0,1.6,6.5,1.55,1.45,12
10,2.15,9,4.8,A,A,3.4,1.61,1.78,1.57,9,Barcelona,1.61,Murcia,SP1,3,0,1.67,6,1,4.1,2,5.0,1.6,3,14,1.57,1.57,4.1,3.67,1.6,4.0,12,17/05/08,3.5,1,49,5.6,0,3.3,3.75,43,2.06,5,5.5,1.85,16,5.0,2.3,26.0,2.18,5.65,1.0,1.67,1.7,5.09,4.5,21
2,1.87,5,7.0,H,H,3.75,1.5,2.03,1.5,2,Barcelona,1.72,Numancia,SP1,1,0,1.57,7,2,3.75,0,6.45,1.4,0,16,1.5,1.4,4.37,3.74,1.45,4.0,8,31/08/08,3.75,1,38,7.0,0,3.6,3.55,31,1.83,0,7.0,2.08,25,7.0,2.2,19.0,2.05,7.7,1.0,1.81,1.5,6.6,6.0,5
9,2.04,1,1.29,D,D,4.5,9.96,1.86,10.5,7,Santander,1.63,Barcelona,SP1,1,0,13.85,1,7,5.0,1,1.28,8.0,0,9,12.0,8.0,5.95,4.82,9.0,5.0,20,13/09/08,4.5,0,38,1.29,0,4.6,4.4,32,1.96,1,1.29,1.9,2,1.29,2.25,20.0,2.17,1.33,-1.5,1.7,9.0,1.29,1.27,18
3,1.83,8,6.5,A,A,3.6,1.51,2.05,1.45,2,Barcelona,1.72,Sp Gijon,SP1,1,1,1.55,14,0,3.75,2,7.0,1.44,2,16,1.5,1.53,4.4,3.67,1.45,3.8,8,21/09/08,3.5,0,32,7.5,0,3.7,3.75,25,1.8,6,7.5,2.13,23,5.5,2.2,16.0,2.04,7.59,1.0,1.83,1.45,6.85,6.5,5
6,1.98,3,1.25,H,H,4.5,12.15,1.92,10.0,8,Betis,1.58,Barcelona,SP1,3,0,17.82,5,3,5.0,2,1.25,10.0,0,11,15.0,10.0,6.13,5.25,12.0,6.0,19,24/09/08,4.5,2,41,1.22,0,4.4,5.0,30,1.95,2,1.2,1.96,8,1.25,2.44,21.0,2.26,1.29,-1.75,1.67,10.0,1.24,1.27,18
0,1.91,8,3.5,H,A,3.2,1.86,1.98,1.85,3,Barcelona,1.83,Espanol,SP1,1,1,1.91,12,2,3.5,3,3.85,1.91,0,26,1.8,1.83,3.54,3.31,1.85,3.5,17,27/09/08,3.3,1,40,4.5,0,3.2,3.3,33,1.88,2,4.5,2.05,33,3.6,2.03,20.0,1.9,4.61,0.5,1.91,1.85,4.04,3.8,5
5,1.88,2,1.5,H,H,3.4,5.65,2.03,4.9,8,Ath Madrid,1.64,Barcelona,SP1,6,0,6.35,1,5,3.4,1,1.65,6.0,1,11,6.0,5.5,4.0,3.56,5.0,3.6,18,04/10/08,3.5,5,39,1.6,0,3.4,3.45,33,1.79,1,1.62,2.12,7,1.53,2.25,20.0,2.16,1.65,-1.0,1.7,5.2,1.6,1.6,19
7,2.02,3,5.5,D,A,3.6,1.56,1.88,1.5,3,Barcelona,1.7,Ath Bilbao,SP1,0,0,1.62,5,3,3.75,3,5.65,1.5,0,17,1.53,1.5,4.15,3.66,1.55,4.0,19,19/10/08,3.5,0,39,5.5,0,3.5,3.85,34,1.98,1,6.0,1.95,14,6.0,2.17,17.0,2.05,6.62,1.0,1.74,1.65,5.93,4.5,9
6,2.04,2,1.25,H,H,4.5,11.97,1.92,10.0,9,Almeria,1.57,Barcelona,SP1,5,0,16.75,6,3,5.5,0,1.25,10.0,0,13,13.0,10.0,6.8,5.41,13.0,5.75,15,25/10/08,4.5,5,40,1.22,1,4.8,5.0,35,1.97,0,1.22,1.96,6,1.25,2.4,16.0,2.27,1.27,-1.75,1.67,9.5,1.24,1.25,13
1,2.17,4,8.0,A,A,3.75,1.4,1.74,1.4,2,Barcelona,1.53,Malaga,SP1,1,0,1.45,4,3,4.2,2,8.1,1.36,2,19,1.36,1.44,4.9,4.13,1.4,4.5,24,01/11/08,3.75,1,40,8.0,0,3.6,3.75,35,2.13,4,9.0,1.8,14,6.0,2.63,17.0,2.37,9.2,1.5,1.6,1.45,8.16,7.0,5
9,1.88,2,1.14,H,H,5.5,15.05,2.0,13.0,13,Valladolid,1.43,Barcelona,SP1,6,0,19.0,5,1,6.5,1,1.15,15.0,0,9,18.0,12.0,7.4,6.17,15.0,6.5,9,08/11/08,5.5,4,38,1.17,0,5.4,6.5,31,1.81,0,1.17,2.05,3,1.17,2.84,17.0,2.66,1.2,-2.0,1.5,13.0,1.18,1.17,22
5,2.1,8,8.0,D,A,4.5,1.34,1.82,1.35,2,Barcelona,1.52,Recreativo,SP1,0,0,1.4,5,2,5.0,3,9.0,1.29,0,21,1.33,1.33,5.49,4.6,1.33,5.0,12,16/11/08,4.0,0,35,8.0,0,3.7,4.0,31,2.01,2,9.0,1.88,21,8.0,2.65,16.0,2.4,9.8,1.5,1.59,1.4,8.52,7.5,7
13,1.94,4,1.17,A,D,6.0,13.73,1.97,10.75,4,Getafe,1.41,Barcelona,SP1,1,0,17.66,5,4,7.0,3,1.17,13.0,1,19,15.0,12.0,7.8,6.25,17.0,7.0,20,23/11/08,5.5,0,39,1.14,0,5.0,6.5,34,1.86,1,1.18,2.02,7,1.17,2.85,18.0,2.7,1.2,-2.0,1.48,12.0,1.18,1.2,14
1,1.66,9,2.88,A,A,3.1,2.11,2.3,2.15,2,Barcelona,1.8,Sevilla,SP1,0,1,2.25,2,3,3.4,0,3.05,2.2,1,16,2.1,2.2,3.6,3.32,2.1,3.5,13,29/11/08,3.2,0,42,3.25,0,3.1,3.25,34,1.57,3,3.4,2.52,22,2.8,2.03,18.0,1.93,3.62,0.0,1.91,2.2,3.27,3.0,10
3,1.97,2,1.5,H,H,3.4,6.0,1.92,5.75,7,Valencia,1.6,Barcelona,SP1,4,0,6.5,3,5,3.75,0,1.55,6.0,0,15,6.0,5.5,4.3,3.78,5.5,4.2,20,06/12/08,3.5,2,43,1.55,0,3.5,3.5,39,1.88,0,1.53,2.0,5,1.53,2.4,22.0,2.23,1.57,-1.0,1.67,5.5,1.54,1.55,17
11,1.95,3,1.5,D,H,3.6,5.64,1.99,5.0,8,Real Madrid,1.5,Barcelona,SP1,2,0,6.08,4,5,3.8,3,1.6,5.5,0,13,6.0,6.0,4.33,3.78,6.0,3.8,19,13/12/08,3.5,0,41,1.53,0,3.5,3.65,39,1.82,0,1.57,2.14,6,1.5,2.6,25.0,2.46,1.65,-1.0,1.56,5.0,1.58,1.6,19
4,1.88,7,4.2,D,A,3.25,1.81,2.03,1.8,1,Barcelona,1.64,Villarreal,SP1,1,0,1.87,7,2,3.5,3,4.0,1.73,0,17,1.8,1.8,3.91,3.51,1.7,3.75,22,21/12/08,3.2,0,39,4.35,1,3.2,3.35,31,1.82,2,4.2,2.08,16,4.0,2.26,19.0,2.14,4.55,0.5,1.67,1.9,4.14,3.6,8
5,1.85,3,1.17,D,H,7.0,14.68,2.03,14.0,8,Mallorca,1.43,Barcelona,SP1,3,0,18.5,0,4,7.0,4,1.15,17.0,1,11,15.0,13.0,7.2,6.5,15.0,6.5,17,03/01/09,6.5,1,34,1.14,1,5.4,6.15,34,1.79,1,1.18,2.18,6,1.12,2.8,23.0,2.65,1.22,-2.0,1.54,13.0,1.17,1.17,18
2,1.14,9,7.0,A,A,4.0,1.41,5.55,1.4,5,Barcelona,1.59,Osasuna,SP1,2,0,1.45,7,3,4.6,2,7.25,1.36,1,11,1.4,1.44,4.99,4.27,1.4,4.5,11,11/01/09,3.6,0,39,7.5,0,3.6,4.0,34,1.12,3,8.0,6.0,17,6.5,2.38,16.0,2.24,8.79,0.0,1.68,1.45,7.58,7.0,6
9,1.99,0,1.25,H,H,4.5,10.88,1.95,9.25,10,La Coruna,1.52,Barcelona,SP1,5,0,15.0,4,0,5.0,0,1.3,10.0,0,8,12.0,10.0,5.8,5.12,10.0,5.5,12,17/01/09,4.5,3,42,1.28,1,4.4,4.4,36,1.92,0,1.25,2.0,1,1.25,2.66,21.0,2.42,1.32,-1.75,1.55,10.0,1.27,1.27,21
3,1.95,2,1.14,D,H,5.5,16.55,1.93,15.0,8,Numancia,1.37,Barcelona,SP1,4,0,22.0,2,3,7.0,2,1.15,15.0,0,14,18.0,15.0,8.5,7.24,15.0,7.5,13,24/01/09,6.0,0,40,1.16,1,6.0,6.0,32,1.93,1,1.14,2.0,4,1.12,3.25,21.0,2.89,1.17,-2.25,1.4,16.0,1.14,1.12,24
2,1.96,2,6.0,D,A,3.4,1.52,1.92,1.5,4,Barcelona,1.66,Santander,SP1,1,0,1.6,3,2,3.75,1,6.75,1.5,0,21,1.5,1.44,4.25,3.71,1.45,3.75,12,01/02/09,3.6,0,40,6.5,2,3.4,3.45,32,1.93,2,7.5,1.99,8,6.5,2.25,20.0,2.07,7.5,1.0,1.76,1.6,6.61,5.2,7
7,2.1,1,1.12,H,H,6.0,14.33,1.81,14.0,7,Sp Gijon,1.35,Barcelona,SP1,3,0,21.0,2,3,7.0,2,1.15,15.0,0,13,17.0,13.0,7.0,6.37,11.0,6.5,19,08/02/09,6.5,2,38,1.14,0,5.2,6.25,31,2.03,1,1.16,1.88,5,1.12,3.3,18.0,2.95,1.22,-2.0,1.4,11.0,1.17,1.2,18
1,2.05,12,5.5,H,D,3.6,1.53,1.86,1.45,5,Barcelona,1.58,Betis,SP1,2,0,1.59,7,2,3.75,3,6.25,1.5,1,20,1.53,1.5,4.26,3.8,1.53,4.0,14,14/02/09,3.5,2,41,6.0,0,3.5,4.0,34,1.96,2,6.5,1.92,23,6.0,2.42,22.0,2.26,6.64,1.0,1.65,1.55,6.17,5.5,7
4,2.18,2,1.22,D,A,4.8,11.58,1.74,12.0,2,Espanol,1.47,Barcelona,SP1,1,1,14.45,2,6,5.0,6,1.2,10.0,0,14,13.0,12.0,6.8,5.7,10.0,5.75,24,21/02/09,5.5,0,39,1.25,0,5.7,5.5,35,2.09,2,1.22,1.8,4,1.17,2.75,21.0,2.56,1.29,-1.5,1.55,12.5,1.23,1.22,20
6,2.0,6,3.6,A,H,3.3,1.91,1.93,1.85,9,Barcelona,1.6,Ath Madrid,SP1,4,0,2.0,3,2,3.4,3,3.85,1.83,2,15,1.9,1.8,3.79,3.43,1.91,3.6,17,01/03/09,3.3,1,37,3.75,0,3.3,3.3,35,1.96,3,3.75,1.96,14,3.75,2.5,18.0,2.24,4.15,0.5,2.25,2.0,3.81,3.6,22
5,2.1,0,1.29,H,H,5.0,10.6,1.82,10.0,10,Ath Bilbao,1.48,Barcelona,SP1,2,0,13.2,1,4,4.5,3,1.25,12.0,0,16,9.5,9.0,6.05,5.15,10.0,5.5,24,07/03/09,4.2,2,39,1.28,0,4.8,4.95,35,2.03,0,1.28,1.88,5,1.3,2.69,22.0,2.5,1.3,-1.5,1.53,9.5,1.28,1.3,28
5,2.1,7,4.8,D,A,3.4,1.62,1.81,1.55,1,Barcelona,1.59,Almeria,SP1,0,0,1.67,5,0,3.6,4,5.25,1.6,0,11,1.6,1.57,4.31,3.66,1.65,3.8,10,15/03/09,3.5,0,32,5.0,0,3.6,3.75,31,2.05,2,5.75,1.87,17,5.0,2.38,17.0,2.25,5.83,1.0,1.65,1.6,5.27,5.6,5
10,10.0,3,1.2,H,H,5.0,11.68,1.05,10.0,14,Malaga,1.41,Barcelona,SP1,6,0,13.5,7,3,5.0,2,1.25,11.0,0,9,13.0,10.0,7.2,5.56,11.0,6.0,15,22/03/09,5.0,4,34,1.22,0,5.3,5.0,29,8.7,0,1.22,1.06,10,1.22,2.97,18.0,2.69,1.27,0.0,1.45,13.0,1.23,1.22,27
4,2.06,4,6.5,A,A,4.0,1.49,1.9,1.42,2,Barcelona,1.51,Valladolid,SP1,0,0,1.6,4,0,3.75,1,6.25,1.4,1,21,1.53,1.44,4.33,4.0,1.45,4.0,9,04/04/09,3.75,0,31,7.0,0,3.8,4.25,29,1.99,1,6.0,1.95,13,6.0,2.63,16.0,2.41,7.0,1.0,1.59,1.5,6.51,6.7,7
15,2.11,4,1.14,H,H,7.5,16.49,1.83,15.0,6,Recreativo,1.4,Barcelona,SP1,2,0,26.0,4,1,7.0,0,1.1,19.0,0,12,17.0,12.0,8.7,7.47,15.0,7.5,14,11/04/09,5.5,1,34,1.14,0,6.5,8.0,31,2.06,0,1.14,1.9,7,1.17,3.0,18.0,2.75,1.17,-2.25,1.45,15.0,1.14,1.15,16
1,2.0,8,6.0,A,A,3.75,1.46,1.91,1.4,0,Barcelona,1.58,Getafe,SP1,0,0,1.56,5,2,4.0,4,7.25,1.44,1,19,1.44,1.44,4.33,4.12,1.45,4.33,9,18/04/09,3.75,0,36,6.5,0,4.0,4.0,31,1.94,1,7.0,1.95,17,6.0,2.5,17.0,2.26,7.5,1.0,1.68,1.45,6.87,7.0,3
9,2.0,2,1.36,H,H,4.8,8.59,1.92,8.5,7,Sevilla,1.48,Barcelona,SP1,4,0,10.0,2,2,4.5,2,1.3,8.5,0,11,8.0,6.5,5.27,4.65,8.0,4.75,17,22/04/09,4.0,2,33,1.3,0,4.5,4.65,31,1.93,0,1.36,1.95,6,1.4,2.64,15.0,2.5,1.4,-1.5,1.53,8.5,1.35,1.35,28
5,2.0,6,3.6,H,D,3.4,1.91,1.91,1.85,5,Barcelona,1.55,Valencia,SP1,2,0,2.0,9,2,3.4,5,3.8,1.8,1,21,1.9,1.83,3.75,3.43,1.9,3.4,9,25/04/09,3.4,2,32,3.6,0,3.3,3.35,29,1.97,2,4.0,1.95,14,3.5,2.5,14.0,2.32,4.1,0.5,1.64,1.9,3.84,3.9,10
3,2.0,13,2.38,A,A,3.0,2.62,1.87,2.5,4,Barcelona,1.54,Real Madrid,SP1,2,0,2.75,2,2,3.2,4,2.45,2.7,3,22,2.75,2.6,3.6,3.31,2.63,3.4,9,02/05/09,3.2,1,33,2.5,0,3.3,3.4,30,1.93,6,2.5,1.94,17,2.38,2.5,18.0,2.33,2.66,0.0,1.58,2.65,2.55,2.5,5
4,1.91,4,1.29,H,D,4.5,8.92,2.0,9.0,3,Villarreal,1.47,Barcelona,SP1,3,1,10.0,0,3,5.0,1,1.25,8.0,1,15,9.0,9.0,5.28,4.79,9.0,4.75,20,10/05/09,4.33,3,32,1.25,0,4.7,5.25,30,1.83,3,1.33,2.12,6,1.29,2.7,15.0,2.51,1.37,-1.5,1.53,8.0,1.32,1.35,15
8,2.15,10,5.0,A,H,3.6,1.6,1.76,1.5,7,Barcelona,1.52,Mallorca,SP1,2,0,1.69,7,2,3.5,1,5.65,1.53,1,16,1.6,1.5,3.85,3.69,1.62,3.75,20,17/05/09,3.6,0,33,5.5,0,3.5,3.85,30,2.11,1,5.25,1.8,17,5.5,2.6,15.0,2.38,6.12,1.0,1.6,1.7,5.45,4.9,16
7,1.9,4,1.95,A,A,3.4,3.77,2.05,3.6,3,Osasuna,1.56,Barcelona,SP1,0,1,4.2,5,3,3.4,3,1.9,3.8,1,6,3.6,4.0,3.6,3.4,3.5,3.5,18,23/05/09,3.4,0,36,1.91,0,3.5,3.35,32,1.82,1,2.0,2.13,10,1.73,2.5,20.0,2.3,2.15,-0.5,1.66,3.5,1.95,1.9,9
7,2.49,5,2.1,H,D,3.6,3.12,1.58,2.85,6,Barcelona,1.55,La Coruna,SP1,1,0,3.4,5,1,3.4,1,2.15,3.2,0,6,3.4,2.8,3.85,3.53,3.2,3.6,16,30/05/09,3.4,1,36,2.0,0,3.3,3.5,33,2.3,1,2.0,1.62,18,2.1,2.48,19.0,2.33,2.2,0.0,1.62,2.85,2.1,2.2,15
9,15.0,5,1.12,H,H,6.0,15.16,1.02,13.0,9,Sp Gijon,1.37,Barcelona,SP1,3,0,19.0,7,2,6.5,0,1.12,15.0,0,10,13.0,13.0,9.05,7.11,15.0,8.0,12,31/08/09,6.0,2,30,1.14,0,6.0,7.5,27,11.98,0,1.17,1.03,9,1.14,3.2,19.0,2.87,1.17,0.0,1.43,15.0,1.15,1.17,20
2,1.18,9,6.0,D,A,3.75,1.49,5.06,1.45,3,Barcelona,1.53,Getafe,SP1,0,0,1.53,5,0,3.8,3,6.2,1.44,0,15,1.5,1.36,4.52,3.99,1.44,4.2,19,12/09/09,4.0,0,34,6.5,0,3.7,4.0,30,1.14,2,6.5,5.47,14,7.0,2.5,20.0,2.39,7.6,0.0,1.63,1.55,6.79,6.0,19
7,8.0,4,1.29,H,H,4.5,9.09,1.08,7.25,6,Ath Madrid,1.42,Barcelona,SP1,5,0,10.35,8,3,4.33,1,1.35,8.0,1,8,8.5,7.0,6.08,4.9,8.5,5.0,17,19/09/09,4.33,4,35,1.33,0,4.7,4.5,30,7.01,2,1.33,1.1,14,1.33,2.9,21.0,2.69,1.35,0.0,1.5,7.8,1.32,1.35,8
2,1.1,6,9.0,A,A,5.0,1.3,7.5,1.25,2,Barcelona,1.53,Santander,SP1,1,0,1.35,3,1,5.0,4,8.5,1.33,3,10,1.3,1.29,5.54,5.01,1.3,5.0,10,22/09/09,5.0,0,35,9.0,0,4.5,5.4,30,1.07,4,10.0,8.5,20,10.0,2.54,22.0,2.4,12.5,0.0,1.57,1.35,9.94,8.5,4
3,1.08,6,8.0,A,A,4.5,1.27,8.6,1.22,0,Barcelona,1.42,Malaga,SP1,0,1,1.31,1,3,5.0,3,9.0,1.29,1,16,1.29,1.29,6.25,5.3,1.22,5.0,17,26/09/09,4.5,0,35,11.0,0,4.8,5.75,29,1.05,2,11.0,9.7,11,8.0,3.0,20.0,2.73,12.63,0.0,1.49,1.33,10.32,8.0,3
10,2.04,0,1.08,H,H,7.0,20.98,1.87,15.0,7,Almeria,1.29,Barcelona,SP1,1,0,32.0,3,3,7.5,3,1.1,17.0,0,18,26.0,15.0,11.0,8.7,21.0,10.0,14,03/10/09,7.0,1,32,1.1,0,7.5,8.0,25,1.99,0,1.08,1.91,0,1.1,3.7,17.0,3.33,1.13,-2.5,1.35,18.0,1.1,1.12,17
5,1.3,3,4.33,D,D,3.6,1.71,3.46,1.65,4,Barcelona,1.46,Valencia,SP1,0,0,1.79,6,2,3.4,4,4.85,1.62,0,15,1.7,1.67,3.96,3.62,1.7,3.75,11,17/10/09,3.4,0,32,4.5,0,3.5,3.7,27,1.27,0,4.75,4.16,12,4.33,2.65,17.0,2.55,5.0,0.0,1.55,1.8,4.71,4.1,13
6,2.13,5,1.11,H,H,7.0,16.49,1.8,15.0,13,Zaragoza,1.36,Barcelona,SP1,6,0,21.0,1,2,6.5,0,1.14,13.0,0,9,21.0,13.0,9.0,7.73,15.0,9.0,14,25/10/09,6.0,3,36,1.12,0,6.5,9.25,34,2.07,1,1.1,1.83,7,1.14,3.2,21.0,2.94,1.17,-2.0,1.43,15.0,1.13,1.15,17
4,1.16,7,6.5,D,D,4.2,1.44,5.12,1.4,3,Barcelona,1.58,Osasuna,SP1,1,0,1.48,7,3,4.0,1,7.0,1.36,0,15,1.4,1.44,4.92,4.29,1.4,4.5,10,31/10/09,3.75,0,38,7.0,0,4.0,4.5,34,1.13,1,7.5,5.98,16,6.0,2.38,22.0,2.27,7.5,0.0,1.67,1.45,6.79,7.0,9
2,1.99,5,1.14,H,H,6.0,14.3,1.93,13.0,10,Mallorca,1.4,Barcelona,SP1,4,0,19.0,4,2,6.5,1,1.15,12.0,1,18,15.0,12.0,8.0,6.71,11.0,7.0,22,07/11/09,6.0,3,39,1.15,0,5.9,7.5,33,1.93,2,1.17,1.98,10,1.14,3.0,21.0,2.76,1.21,-2.0,1.46,12.0,1.17,1.2,18
5,1.2,3,5.5,D,D,4.0,1.5,4.56,1.5,1,Barcelona,1.62,Ath Bilbao,SP1,1,0,1.6,7,1,4.33,1,6.5,1.5,0,17,1.53,1.44,4.35,4.01,1.44,4.0,15,21/11/09,3.6,0,39,6.5,0,3.9,4.4,33,1.17,1,6.5,5.47,13,6.5,2.35,21.0,2.19,6.79,0.0,1.72,1.55,6.24,5.5,8
6,3.3,2,1.75,D,H,3.6,4.08,1.36,4.0,4,Real Madrid,1.57,Barcelona,SP1,1,1,4.55,6,4,3.75,0,1.8,4.0,0,17,4.0,3.75,3.96,3.61,4.2,3.6,25,29/11/09,3.3,0,37,1.75,1,3.4,3.6,32,2.96,0,1.85,1.4,16,1.8,2.5,23.0,2.29,1.9,0.0,1.65,4.0,1.82,1.85,9
3,1.06,3,11.0,D,A,5.5,1.24,9.27,1.22,4,Barcelona,1.55,Xerez,SP1,0,0,1.29,9,0,5.5,1,12.0,1.22,0,13,1.25,1.2,6.3,5.43,1.22,5.5,16,02/12/09,5.0,0,38,12.0,0,5.2,5.6,31,1.04,2,12.0,10.16,14,11.0,2.44,21.0,2.32,15.0,0.0,1.61,1.27,11.84,10.0,7
1,1.26,9,4.4,D,A,3.6,1.62,3.93,1.6,1,Barcelona,1.77,La Coruna,SP1,1,0,1.67,9,2,3.5,1,5.25,1.6,1,9,1.62,1.62,4.19,3.76,1.62,3.8,13,05/12/09,3.5,1,36,5.5,0,3.5,3.75,32,1.22,3,5.5,4.55,19,4.5,2.08,21.0,1.98,6.02,0.0,1.87,1.65,5.3,5.3,4
10,1.8,2,1.15,H,H,6.2,13.79,2.16,13.0,3,Espanol,1.46,Barcelona,SP1,1,0,17.0,2,3,6.0,3,1.16,15.0,0,15,17.0,12.0,7.0,6.43,15.0,7.0,20,12/12/09,6.0,1,40,1.18,0,5.5,7.0,36,1.72,0,1.17,2.28,7,1.14,2.65,26.0,2.56,1.24,-2.0,1.56,12.0,1.19,1.22,15
6,2.11,2,1.29,H,D,4.75,8.9,1.84,9.25,3,Villarreal,1.49,Barcelona,SP1,1,0,10.49,7,4,5.0,2,1.35,9.0,0,22,10.0,7.0,5.4,4.72,9.0,4.75,15,02/01/10,4.33,1,37,1.3,0,4.8,4.95,33,2.05,1,1.33,1.88,8,1.33,2.6,24.0,2.45,1.37,-1.25,1.57,8.5,1.34,1.33,12
3,1.14,5,7.0,A,A,4.5,1.4,5.58,1.4,3,Barcelona,1.6,Tenerife,SP1,0,0,1.43,1,2,4.5,3,7.0,1.36,3,20,1.4,1.33,4.91,4.39,1.36,4.5,11,10/01/10,4.0,0,38,8.0,0,4.5,4.45,31,1.12,5,7.5,6.63,15,8.0,2.35,20.0,2.23,8.53,0.0,1.69,1.4,7.55,7.0,13
11,8.38,0,1.33,D,H,4.5,8.34,1.1,7.0,12,Sevilla,1.59,Barcelona,SP1,4,0,9.9,2,4,5.0,2,1.37,8.0,0,11,8.5,8.0,5.7,4.91,9.0,5.0,13,16/01/10,3.75,0,39,1.3,0,4.3,4.8,34,6.31,0,1.33,1.13,4,1.36,2.5,22.0,2.25,1.4,0.0,1.66,7.5,1.34,1.4,27
5,1.77,8,9.0,A,A,5.5,1.28,2.13,1.28,5,Barcelona,1.51,Valladolid,SP1,0,0,1.35,5,2,5.0,2,9.25,1.25,2,13,1.29,1.29,6.55,5.26,1.25,5.25,17,23/01/10,4.5,0,38,12.0,0,4.6,5.25,32,1.74,3,10.0,2.22,14,8.0,2.62,22.0,2.41,12.28,1.5,1.58,1.33,9.99,9.0,11
2,1.98,5,10.5,A,A,5.5,1.23,1.94,1.2,2,Barcelona,1.52,Sp Gijon,SP1,0,0,1.27,10,3,5.5,6,11.5,1.22,1,21,1.2,1.2,6.5,5.74,1.22,6.5,9,30/01/10,5.0,0,38,13.0,0,5.0,6.25,35,1.93,1,13.0,1.98,22,11.0,2.62,24.0,2.43,14.4,1.25,1.57,1.27,12.25,10.5,5
5,2.06,6,1.14,H,H,7.0,14.77,1.84,14.0,8,Getafe,1.44,Barcelona,SP1,2,2,18.0,2,3,8.0,4,1.15,13.0,0,14,15.0,12.0,8.91,7.09,17.0,8.0,14,06/02/10,5.5,1,39,1.12,0,6.4,7.0,35,2.01,1,1.14,1.88,13,1.17,2.8,25.0,2.62,1.2,-2.0,1.5,11.0,1.16,1.17,18
5,2.0,7,5.0,H,H,3.75,1.69,1.94,1.72,6,Barcelona,1.52,Ath Madrid,SP1,2,0,1.77,7,5,3.75,2,4.85,1.6,1,19,1.73,1.62,4.11,3.76,1.67,3.75,13,14/02/10,3.5,2,36,4.75,0,3.5,3.75,34,1.93,1,4.5,1.99,13,4.5,2.6,25.0,2.42,5.05,0.75,1.57,1.7,4.69,4.9,13
6,2.15,0,1.14,H,H,7.0,14.38,1.81,13.0,9,Santander,1.5,Barcelona,SP1,4,0,19.75,0,4,6.0,3,1.18,12.0,0,14,13.0,12.0,7.44,6.43,17.0,6.5,13,20/02/10,5.5,3,38,1.18,0,5.7,6.35,33,2.07,0,1.2,1.85,5,1.17,2.65,23.0,2.46,1.2,-1.75,1.57,13.0,1.18,1.2,16
13,1.95,2,1.14,D,H,6.0,17.22,1.95,14.0,8,Malaga,1.46,Barcelona,SP1,2,0,23.74,3,1,8.0,1,1.15,21.0,0,10,15.0,15.0,8.25,6.99,21.0,7.0,16,27/02/10,6.0,0,38,1.12,0,6.5,7.0,33,1.91,1,1.17,2.01,5,1.12,2.75,23.0,2.54,1.18,-2.25,1.52,14.0,1.15,1.17,20
5,1.97,8,10.0,D,D,5.0,1.27,1.95,1.28,2,Barcelona,1.6,Almeria,SP1,2,0,1.31,5,0,5.5,0,9.0,1.25,1,17,1.25,1.25,6.12,5.27,1.25,5.75,12,06/03/10,4.5,1,39,11.0,1,4.8,5.25,35,1.9,2,11.0,2.02,22,10.0,2.35,23.0,2.23,13.5,1.5,1.7,1.3,10.64,9.5,7
7,7.0,4,1.4,D,H,4.33,7.6,1.1,7.65,8,Valencia,1.5,Barcelona,SP1,3,0,8.8,3,4,4.5,1,1.4,6.5,0,10,8.0,8.0,5.13,4.46,8.0,4.5,19,14/03/10,4.0,0,32,1.36,1,4.5,4.8,10,5.83,0,1.4,1.13,7,1.33,2.62,9.0,2.45,1.44,0.0,1.56,7.0,1.4,1.4,19
7,1.95,6,9.0,A,A,4.75,1.29,1.95,1.3,2,Barcelona,1.52,Zaragoza,SP1,2,0,1.35,6,3,4.75,3,9.0,1.3,1,22,1.29,1.29,5.75,5.05,1.29,5.25,18,21/03/10,4.5,0,32,11.0,0,4.8,5.0,22,1.89,4,11.0,2.0,18,8.0,2.53,11.0,2.4,11.5,1.5,1.6,1.33,9.96,8.0,10
8,1.85,1,1.1,D,H,7.5,20.48,2.04,18.5,5,Osasuna,1.37,Barcelona,SP1,2,0,27.0,3,2,8.5,4,1.12,19.0,0,12,19.0,13.0,9.95,7.9,26.0,8.0,22,24/03/10,6.5,0,32,1.09,0,7.0,7.5,20,1.82,0,1.13,2.1,3,1.12,3.1,9.0,2.85,1.14,-2.5,1.42,13.0,1.12,1.15,16
4,1.94,5,7.0,D,A,4.2,1.47,1.97,1.45,2,Barcelona,1.52,Mallorca,SP1,0,0,1.54,8,3,4.0,4,6.25,1.4,0,29,1.44,1.4,4.56,4.08,1.44,4.2,21,27/03/10,4.0,0,28,7.0,0,4.0,4.25,19,1.87,1,7.5,2.0,7,6.5,2.5,10.0,2.4,7.5,1.0,1.57,1.5,6.52,6.2,10
7,1.8,5,1.17,H,H,6.0,14.96,2.12,11.5,7,Ath Bilbao,1.42,Barcelona,SP1,4,0,18.0,10,1,7.0,1,1.2,15.0,0,5,15.0,12.0,7.82,6.6,17.0,7.0,8,03/04/10,5.5,2,36,1.14,0,6.5,6.25,25,1.77,1,1.17,2.17,14,1.17,2.75,10.0,2.65,1.2,-2.0,1.47,13.0,1.17,1.17,17
4,2.1,4,2.5,A,A,3.4,2.69,1.79,2.7,7,Barcelona,1.52,Real Madrid,SP1,0,0,2.8,7,4,3.4,4,2.45,2.7,1,30,2.7,2.75,3.63,3.41,2.62,3.4,15,10/04/10,3.2,0,35,2.62,0,3.5,3.7,25,2.0,2,2.5,1.87,8,2.25,2.7,22.0,2.41,2.63,0.0,1.57,2.65,2.49,2.4,16
14,1.96,3,1.12,H,H,6.0,18.38,1.96,14.5,11,La Coruna,1.4,Barcelona,SP1,3,0,23.21,2,3,8.5,0,1.12,15.0,0,11,17.0,15.0,10.01,7.87,19.0,8.5,12,14/04/10,6.0,1,33,1.11,0,6.5,8.5,19,1.9,0,1.13,2.01,5,1.12,3.0,11.0,2.74,1.15,-2.25,1.44,15.0,1.12,1.15,21
3,1.1,1,8.0,D,D,4.5,1.32,7.02,1.3,3,Barcelona,1.55,Espanol,SP1,0,0,1.35,4,2,4.75,3,8.0,1.33,0,21,1.33,1.33,5.62,4.87,1.3,5.0,17,17/04/10,4.0,0,32,10.0,1,4.5,5.3,25,1.08,0,9.0,8.0,4,8.0,2.5,11.0,2.33,10.0,0.0,1.6,1.35,8.77,7.3,9
3,1.89,4,1.08,H,H,8.5,25.1,2.02,19.0,7,Xerez,1.33,Barcelona,SP1,3,0,41.0,6,9,9.0,1,1.08,21.0,1,17,29.0,15.0,12.0,9.13,26.0,8.5,17,24/04/10,8.0,2,37,1.08,2,7.3,9.5,25,1.84,1,1.1,2.09,8,1.07,3.5,13.0,3.13,1.11,-2.5,1.4,15.0,1.08,1.1,14
4,2.08,6,5.5,A,A,4.0,1.54,1.84,1.5,2,Barcelona,1.57,Villarreal,SP1,1,0,1.6,4,3,4.0,3,6.0,1.5,3,23,1.57,1.5,4.5,3.95,1.5,3.8,11,01/05/10,3.6,0,36,6.0,0,3.7,4.0,23,2.0,4,5.5,1.88,15,5.5,2.4,15.0,2.28,6.5,1.0,1.67,1.55,5.83,5.4,8
9,1.91,2,1.06,D,H,12.0,28.12,2.03,18.5,8,Tenerife,1.27,Barcelona,SP1,4,0,48.0,2,3,13.0,0,1.08,26.0,1,5,29.0,23.0,18.0,11.8,29.0,11.0,21,04/05/10,11.0,1,38,1.04,0,7.5,10.0,26,1.86,1,1.06,2.1,4,1.07,3.75,12.0,3.44,1.08,-2.75,1.3,20.0,1.06,1.07,21
2,1.22,7,5.5,A,A,4.0,1.49,4.44,1.45,5,Barcelona,1.44,Sevilla,SP1,2,1,1.54,4,6,4.5,4,6.0,1.44,2,23,1.5,1.5,4.82,4.26,1.44,4.33,15,08/05/10,4.0,0,38,6.0,0,4.0,4.5,25,1.17,3,6.0,5.0,18,5.0,2.8,14.0,2.64,6.5,0.0,1.5,1.5,5.94,5.3,7
7,2.08,4,1.05,H,H,13.0,29.29,1.83,23.0,7,Valladolid,1.21,Barcelona,SP1,4,0,38.0,5,3,11.0,1,1.03,26.0,0,17,34.0,21.0,17.11,12.09,34.0,13.0,20,16/05/10,9.0,2,38,1.04,0,10.0,15.0,23,2.02,0,1.04,1.88,10,1.04,4.5,11.0,4.06,1.06,-2.75,1.25,20.0,1.04,1.05,14
6,1.06,5,11.0,A,A,5.5,1.21,9.39,1.2,7,Barcelona,1.45,Santander,SP1,0,0,1.27,5,1,6.5,4,12.5,1.22,2,21,1.2,1.22,6.8,5.97,1.2,6.0,14,29/08/10,5.0,0,35,15.0,0,5.0,6.0,22,1.04,3,15.0,11.0,9,10.0,2.8,12.0,2.61,17.5,0.0,1.5,1.27,13.3,9.0,11
14,1.96,7,1.06,A,A,9.5,28.31,1.95,21.0,9,Hercules,1.26,Barcelona,SP1,0,0,44.0,2,2,12.0,2,1.07,21.0,1,7,34.0,21.0,15.0,10.96,34.0,11.0,8,11/09/10,12.0,0,29,1.06,0,7.5,10.0,19,1.93,2,1.06,2.01,9,1.07,3.9,13.0,3.64,1.07,-2.75,1.3,20.0,1.06,1.07,17
6,1.36,8,4.5,A,A,4.0,1.71,3.32,1.7,4,Barcelona,1.5,Ath Madrid,SP1,1,1,1.75,6,5,3.75,4,4.35,1.7,2,21,1.67,1.73,4.16,3.76,1.67,3.75,15,19/09/10,3.5,1,29,5.0,0,3.6,3.8,19,1.3,2,5.0,3.6,16,5.0,2.65,12.0,2.5,5.09,0.0,1.53,1.75,4.64,4.0,7
8,2.01,0,1.1,D,H,9.0,17.71,1.92,18.5,5,Sp Gijon,1.41,Barcelona,SP1,1,0,22.19,4,5,7.5,2,1.12,21.0,0,14,21.0,15.0,9.1,7.4,21.0,7.0,15,22/09/10,8.0,0,33,1.14,0,7.0,7.5,21,1.95,0,1.14,1.95,3,1.14,2.95,15.0,2.72,1.18,-2.0,1.45,14.0,1.14,1.12,16
1,1.25,10,5.5,D,A,3.75,1.58,4.16,1.55,4,Barcelona,1.61,Ath Bilbao,SP1,1,1,1.65,8,1,3.8,1,5.5,1.62,0,8,1.57,1.62,4.12,3.82,1.62,3.8,8,25/09/10,3.75,0,32,6.0,1,3.6,3.9,28,1.2,3,6.0,4.33,25,5.5,2.36,15.0,2.24,6.25,0.0,1.67,1.6,5.72,5.0,11
13,1.93,2,1.18,D,D,6.0,14.69,1.97,13.0,10,Mallorca,1.44,Barcelona,SP1,1,0,20.05,6,6,7.0,0,1.18,13.0,1,7,15.0,15.0,8.46,6.82,17.0,7.0,15,03/10/10,7.0,1,31,1.18,0,6.0,6.25,22,1.89,1,1.17,2.02,11,1.17,2.8,14.0,2.63,1.2,-2.0,1.5,12.0,1.17,1.18,26
7,6.5,2,1.4,A,H,4.5,7.74,1.11,7.0,8,Valencia,1.51,Barcelona,SP1,2,0,8.78,6,4,5.0,2,1.44,8.0,1,9,7.5,8.5,5.37,4.71,8.5,4.5,9,16/10/10,4.33,0,33,1.36,0,4.1,4.75,23,5.87,1,1.4,1.14,8,1.4,2.6,13.0,2.46,1.42,0.0,1.57,7.0,1.38,1.4,12
5,2.11,10,12.0,A,A,5.5,1.25,1.83,1.25,4,Barcelona,1.54,Zaragoza,SP1,0,1,1.29,3,1,6.5,4,9.0,1.25,1,21,1.25,1.22,6.5,5.8,1.25,5.75,12,23/10/10,6.0,0,34,13.0,0,5.0,5.85,21,2.06,2,11.0,1.87,20,13.0,2.55,15.0,2.39,13.0,1.75,1.6,1.28,11.09,9.0,5
11,2.25,1,1.29,H,H,5.5,10.44,1.72,9.25,9,Sevilla,1.51,Barcelona,SP1,5,0,13.7,1,2,6.0,1,1.3,10.5,0,13,11.0,10.0,6.08,5.48,11.0,5.0,11,30/10/10,5.5,2,31,1.3,1,4.6,5.75,21,2.19,0,1.29,1.79,3,1.29,2.6,15.0,2.47,1.3,-1.5,1.55,7.8,1.28,1.33,18
5,2.08,8,8.0,A,A,4.8,1.34,1.85,1.33,5,Barcelona,1.6,Getafe,SP1,1,1,1.36,3,1,5.25,3,8.0,1.36,2,10,1.33,1.3,5.46,4.94,1.33,5.0,9,07/11/10,5.0,0,37,10.0,1,4.5,4.9,26,2.02,3,8.5,1.89,14,10.0,2.38,15.0,2.24,10.26,1.5,1.68,1.35,8.7,7.3,12
4,2.08,2,1.25,D,H,5.5,11.82,1.85,10.5,5,Villarreal,1.36,Barcelona,SP1,3,0,13.95,4,3,6.5,2,1.22,12.0,1,22,13.0,12.0,6.76,5.95,13.0,6.25,19,13/11/10,6.0,1,36,1.22,0,5.0,6.0,23,2.03,1,1.2,1.9,9,1.22,3.15,16.0,2.98,1.26,-1.75,1.4,9.0,1.23,1.28,15
6,1.98,13,12.0,A,A,5.5,1.26,1.95,1.22,2,Barcelona,1.55,Almeria,SP1,0,0,1.3,5,1,6.0,2,11.0,1.25,5,10,1.25,1.25,6.0,5.55,1.29,5.5,7,20/11/10,5.5,0,38,13.0,0,4.9,5.85,26,1.93,8,12.0,1.98,18,12.0,2.5,16.0,2.36,13.0,1.5,1.6,1.28,11.34,9.0,9
3,2.6,2,2.1,H,H,3.4,3.36,1.51,3.1,6,Real Madrid,1.63,Barcelona,SP1,5,0,3.55,6,7,3.6,5,2.05,3.4,0,12,3.5,3.5,3.8,3.49,3.5,3.3,16,29/11/10,3.6,2,37,2.1,1,3.3,3.7,34,2.46,0,2.1,1.53,5,2.0,2.35,19.0,2.24,2.2,0.0,1.71,3.3,2.09,2.0,15
3,1.91,8,13.0,A,A,5.5,1.21,2.01,1.22,2,Barcelona,1.53,Osasuna,SP1,0,0,1.25,5,0,6.5,3,11.5,1.25,1,23,1.2,1.25,7.0,6.11,1.22,6.0,7,04/12/10,5.5,0,39,15.0,0,5.0,5.75,25,1.88,3,15.0,2.05,16,12.0,2.5,18.0,2.4,16.51,1.75,1.62,1.25,13.32,10.0,4
11,2.14,0,1.1,H,H,10.0,22.97,1.8,21.0,9,Sociedad,1.28,Barcelona,SP1,5,0,35.0,2,0,10.0,1,1.08,17.0,0,9,26.0,21.0,11.21,9.45,34.0,8.5,9,12/12/10,9.0,2,37,1.1,0,7.3,9.25,22,2.08,0,1.1,1.83,2,1.1,4.0,17.0,3.46,1.11,-2.5,1.31,15.0,1.09,1.1,21
2,1.98,10,11.0,A,A,6.0,1.26,1.94,1.25,5,Barcelona,1.5,Espanol,SP1,1,0,1.29,7,3,6.0,5,10.0,1.25,2,20,1.25,1.29,6.54,5.73,1.29,5.5,15,18/12/10,5.0,0,35,12.0,0,4.6,5.5,22,1.94,5,12.0,1.98,19,11.0,2.62,17.0,2.49,12.93,1.75,1.57,1.33,10.86,7.8,7
12,2.0,2,1.06,D,H,12.0,28.87,1.92,29.0,10,Levante,1.23,Barcelona,SP1,2,0,36.0,1,2,13.0,4,1.05,29.0,0,16,29.0,15.0,17.0,12.18,34.0,11.0,13,02/01/11,8.0,0,37,1.08,0,7.5,11.0,20,1.94,1,1.06,1.99,4,1.07,4.33,21.0,3.71,1.08,-3.0,1.29,20.0,1.06,1.07,22
4,1.88,5,13.0,A,A,6.5,1.22,2.07,1.2,1,Barcelona,1.52,La Coruna,SP1,0,0,1.26,7,0,6.5,1,12.0,1.2,1,8,1.2,1.2,6.5,6.02,1.25,6.5,7,08/01/11,6.0,0,37,13.0,0,5.0,6.0,25,1.82,4,13.0,2.11,8,15.0,2.5,18.0,2.45,15.0,1.75,1.55,1.25,12.53,10.0,7
8,2.04,2,1.1,H,H,9.5,21.92,1.89,18.0,9,Malaga,1.24,Barcelona,SP1,4,0,30.0,1,1,13.0,1,1.08,19.0,0,12,23.0,21.0,14.02,10.94,23.0,10.0,12,16/01/11,11.0,3,34,1.09,0,7.3,10.0,23,1.99,1,1.08,1.97,4,1.08,4.2,18.0,3.8,1.11,-2.75,1.3,15.0,1.08,1.1,13
8,1.96,3,1.05,H,H,13.0,24.93,1.95,26.0,11,Santander,1.21,Barcelona,SP1,3,0,40.0,1,0,11.0,0,1.05,34.0,0,6,23.0,26.0,15.8,12.0,21.0,11.0,15,22/01/11,11.0,2,34,1.07,0,8.0,11.0,23,1.91,0,1.07,2.05,7,1.07,4.33,19.0,4.04,1.08,-3.0,1.25,20.0,1.06,1.08,14
2,1.7,8,15.0,A,A,6.5,1.15,2.27,1.14,2,Barcelona,1.35,Hercules,SP1,0,1,1.18,9,1,8.5,2,15.5,1.18,1,12,1.17,1.17,9.04,7.51,1.17,7.0,8,29/01/11,7.5,0,38,17.0,0,5.5,7.25,26,1.67,3,15.0,2.41,22,13.0,3.25,17.0,3.02,19.0,2.0,1.4,1.2,16.09,12.0,4
5,2.04,4,1.17,H,H,7.0,15.62,1.89,14.0,8,Ath Madrid,1.26,Barcelona,SP1,3,0,17.28,5,3,9.0,2,1.15,15.0,0,11,17.0,15.0,10.34,7.92,19.0,7.5,15,05/02/11,8.0,2,37,1.14,0,6.7,7.0,23,1.99,0,1.14,1.93,10,1.14,4.0,18.0,3.54,1.16,-2.25,1.33,12.0,1.14,1.15,15
4,1.91,6,15.0,H,D,6.5,1.16,2.01,1.18,1,Barcelona,1.4,Sp Gijon,SP1,1,0,1.2,10,6,8.0,4,13.0,1.18,0,17,1.14,1.17,8.1,7.14,1.18,8.0,8,12/02/11,5.5,1,40,19.0,0,5.5,6.5,23,1.86,1,15.0,2.09,15,12.0,3.0,22.0,2.77,19.22,2.0,1.44,1.2,14.82,12.0,7
11,1.96,4,1.14,H,H,8.0,18.4,1.95,14.5,5,Ath Bilbao,1.25,Barcelona,SP1,2,0,23.66,1,3,10.0,3,1.12,15.0,0,9,21.0,17.0,10.58,8.39,23.0,7.5,18,20/02/11,8.5,1,35,1.12,0,6.2,8.5,20,1.92,1,1.13,2.0,5,1.12,4.0,21.0,3.65,1.15,-2.5,1.3,14.0,1.13,1.15,20
5,2.21,4,9.0,A,A,4.2,1.36,1.73,1.37,3,Barcelona,1.66,Mallorca,SP1,0,0,1.42,2,0,5.0,1,7.25,1.4,1,12,1.33,1.36,5.0,4.75,1.4,5.0,9,26/02/11,4.8,0,37,9.0,0,4.8,4.75,31,2.13,3,8.5,1.83,7,8.0,2.25,18.0,2.16,10.0,1.5,1.75,1.3,8.66,8.5,8
8,2.07,8,5.5,D,A,3.75,1.58,1.87,1.55,1,Barcelona,1.62,Valencia,SP1,0,0,1.63,4,1,4.0,4,5.25,1.62,0,18,1.57,1.57,4.22,3.9,1.62,4.0,7,02/03/11,3.75,0,40,6.0,0,3.5,4.1,31,2.0,1,5.5,1.93,20,6.0,2.38,19.0,2.22,6.17,1.0,1.7,1.7,5.67,4.4,7
13,1.95,1,1.11,H,H,9.0,21.19,1.96,19.5,12,Zaragoza,1.35,Barcelona,SP1,1,0,30.0,2,1,11.0,1,1.08,21.0,0,9,21.0,19.0,11.02,9.56,21.0,9.0,12,05/03/11,10.0,1,38,1.11,0,7.0,9.75,24,1.92,0,1.1,2.0,3,1.1,3.2,21.0,3.05,1.12,-2.5,1.4,14.0,1.1,1.12,23
0,1.9,6,6.5,A,D,4.5,1.39,2.05,1.42,3,Barcelona,1.57,Sevilla,SP1,1,0,1.45,4,2,5.0,5,7.0,1.44,1,20,1.4,1.44,5.31,4.62,1.4,4.5,11,13/03/11,4.33,0,38,8.0,0,4.0,4.25,24,1.83,1,7.5,2.11,12,7.0,2.45,20.0,2.28,8.67,1.25,1.62,1.47,7.72,5.7,11
5,1.95,3,1.1,H,H,9.5,19.38,1.97,15.0,6,Getafe,1.34,Barcelona,SP1,2,0,29.0,3,2,9.0,3,1.12,19.0,0,12,17.0,21.0,9.7,8.65,23.0,8.5,10,19/03/11,9.0,1,39,1.14,0,7.0,8.25,22,1.92,1,1.13,2.01,8,1.1,3.4,20.0,3.14,1.15,-2.25,1.37,14.0,1.12,1.12,14
3,1.87,6,5.0,D,A,3.75,1.63,2.04,1.6,3,Barcelona,1.59,Villarreal,SP1,0,0,1.68,8,4,4.0,2,4.75,1.67,0,10,1.62,1.62,4.08,3.86,1.62,3.8,14,02/04/11,3.75,0,39,6.0,0,3.6,4.1,27,1.84,1,5.5,2.09,10,5.5,2.4,20.0,2.26,6.0,0.75,1.67,1.6,5.24,5.0,7
8,1.97,1,1.1,D,H,9.0,22.59,1.95,18.0,4,Almeria,1.3,Barcelona,SP1,3,0,32.0,4,3,10.5,3,1.08,21.0,0,7,21.0,21.0,12.0,9.99,23.0,8.5,5,09/04/11,11.0,0,39,1.11,0,7.0,10.0,32,1.91,1,1.11,2.02,2,1.08,3.55,22.0,3.36,1.12,-2.5,1.36,14.0,1.09,1.12,14
8,1.86,6,2.8,D,D,3.5,2.47,2.02,2.3,6,Barcelona,1.65,Real Madrid,SP1,1,1,2.8,0,5,3.75,2,2.8,2.4,0,22,2.38,2.5,3.8,3.45,2.4,3.6,14,16/04/11,3.4,0,36,2.75,0,3.3,3.5,33,1.81,1,2.75,2.09,11,2.7,2.3,25.0,2.2,2.9,0.0,1.73,2.5,2.74,2.5,13
6,1.84,5,1.2,H,H,6.0,14.64,2.07,11.0,2,Osasuna,1.45,Barcelona,SP1,2,0,17.0,5,2,6.5,2,1.2,15.0,0,11,15.0,13.0,7.5,6.7,17.0,6.0,17,23/04/11,7.0,1,38,1.22,0,5.5,6.5,24,1.81,0,1.2,2.13,14,1.14,2.85,21.0,2.63,1.22,-2.0,1.53,12.0,1.18,1.2,11
4,2.12,7,8.0,A,H,5.0,1.42,1.82,1.42,3,Barcelona,1.65,Sociedad,SP1,2,0,1.48,5,1,4.5,2,6.5,1.36,1,19,1.4,1.36,4.8,4.49,1.44,4.5,12,30/04/11,5.0,0,38,8.0,0,4.1,4.5,31,2.07,1,7.5,1.88,13,7.5,2.3,19.0,2.19,8.0,1.25,1.71,1.4,7.32,7.0,8
8,2.0,2,1.2,H,H,6.0,14.26,1.91,12.0,6,Espanol,1.44,Barcelona,SP1,2,0,17.19,3,3,8.0,1,1.18,15.0,0,13,15.0,13.0,8.0,7.05,17.0,7.0,14,08/05/11,7.5,1,39,1.18,0,5.5,6.75,25,1.96,0,1.17,1.95,6,1.17,2.77,21.0,2.63,1.2,-2.0,1.5,12.0,1.17,1.22,14
2,1.91,2,11.0,D,D,4.5,1.3,2.0,1.3,2,Barcelona,1.55,Levante,SP1,1,0,1.33,3,1,5.0,1,8.25,1.33,1,10,1.3,1.33,5.5,5.06,1.3,5.0,4,11/05/11,5.0,1,39,13.0,0,4.3,5.25,27,1.86,1,11.0,2.06,10,9.0,2.5,21.0,2.34,13.0,1.5,1.62,1.37,10.42,7.2,9
5,2.02,4,1.57,D,D,4.0,5.81,1.91,5.25,2,La Coruna,1.58,Barcelona,SP1,0,0,6.5,0,2,4.4,0,1.53,5.5,0,11,5.5,6.0,4.5,4.15,6.0,4.33,13,15/05/11,4.2,0,34,1.5,0,3.2,4.2,23,1.95,0,1.53,1.98,8,1.5,2.35,18.0,2.27,1.61,-1.0,1.67,6.0,1.52,1.6,8
6,2.07,8,3.5,D,A,3.3,2.21,1.86,2.05,4,Barcelona,1.78,Malaga,SP1,1,0,2.38,8,2,3.6,3,3.3,2.1,1,10,2.1,2.1,3.52,3.32,2.1,3.5,8,21/05/11,3.3,1,39,3.5,0,3.3,3.45,34,2.02,3,3.25,1.88,18,2.88,2.2,18.0,2.0,3.5,0.25,1.91,1.9,3.14,3.7,13
12,2.03,1,1.25,H,H,5.5,11.12,1.88,10.5,9,Villarreal,1.42,Barcelona,SP1,5,0,14.55,0,3,6.5,3,1.31,12.0,0,15,11.0,10.0,6.64,5.71,13.0,5.75,14,29/08/11,5.5,2,42,1.25,0,4.8,5.25,31,1.99,0,1.25,1.98,5,1.29,3.0,21.0,2.67,1.29,-1.75,1.5,8.5,1.25,1.3,18
5,1.96,6,13.0,A,D,7.5,1.17,1.95,1.15,4,Barcelona,1.44,Sociedad,SP1,2,0,1.2,4,1,7.5,2,16.0,1.17,2,10,1.17,1.17,7.82,7.1,1.17,7.0,17,10/09/11,7.0,0,41,17.0,0,5.3,7.25,31,1.91,2,15.0,2.01,13,15.0,2.75,20.0,2.65,20.73,2.0,1.5,1.22,14.96,11.0,10
8,1.84,1,1.1,H,H,9.0,26.04,2.09,23.0,14,Osasuna,1.28,Barcelona,SP1,8,0,35.0,3,5,12.0,1,1.09,21.0,0,8,26.0,21.0,12.41,9.87,29.0,10.0,15,17/09/11,10.0,5,43,1.1,0,7.3,9.0,28,1.79,0,1.08,2.14,7,1.1,3.8,19.0,3.48,1.1,-2.75,1.31,15.0,1.08,1.1,18
4,2.02,7,7.0,H,D,4.8,1.42,1.9,1.42,1,Barcelona,1.48,Valencia,SP1,2,1,1.46,3,1,4.75,4,7.5,1.4,1,14,1.4,1.44,4.95,4.53,1.44,4.5,5,21/09/11,4.33,2,44,8.0,0,4.1,4.75,32,1.97,2,7.5,1.93,10,7.0,2.7,23.0,2.51,8.25,1.25,1.56,1.45,7.25,6.0,9
8,1.97,2,1.22,H,H,6.5,12.47,1.95,10.5,8,Ath Madrid,1.29,Barcelona,SP1,5,0,15.0,1,1,7.5,1,1.2,11.0,0,17,13.0,13.0,8.04,6.84,15.0,6.5,18,24/09/11,7.0,3,44,1.2,0,5.3,7.0,30,1.91,0,1.2,2.0,6,1.2,3.6,26.0,3.35,1.22,-2.0,1.33,11.0,1.19,1.22,18
4,2.0,4,13.0,A,A,7.0,1.16,1.93,1.15,1,Barcelona,1.39,Sp Gijon,SP1,0,0,1.18,5,2,8.0,2,14.0,1.18,1,19,1.17,1.17,8.5,7.35,1.17,7.5,7,02/10/11,7.5,0,42,21.0,0,5.8,7.5,28,1.94,1,13.0,1.99,14,13.0,3.0,23.0,2.77,22.0,2.25,1.45,1.17,15.32,13.0,4
6,1.91,2,1.08,H,H,9.5,29.87,1.99,31.0,6,Santander,1.25,Barcelona,SP1,3,0,40.0,0,2,17.0,0,1.06,26.0,0,5,26.0,23.0,17.0,10.9,34.0,12.0,17,15/10/11,9.5,2,47,1.07,0,7.3,10.5,28,1.87,0,1.06,2.04,3,1.08,4.0,26.0,3.71,1.1,-3.0,1.29,15.0,1.07,1.1,19
13,2.07,3,1.17,D,D,7.5,15.55,1.86,19.0,6,Sevilla,1.32,Barcelona,SP1,0,0,20.0,3,8,8.5,2,1.12,13.0,0,9,13.0,13.0,8.81,7.56,19.0,7.5,8,22/10/11,6.5,0,46,1.17,2,5.8,8.0,33,1.99,0,1.17,1.9,6,1.18,3.2,26.0,3.4,1.2,-2.25,1.35,13.0,1.15,1.18,21
2,2.06,7,23.0,A,A,7.0,1.12,1.85,1.12,0,Barcelona,1.36,Granada,SP1,0,2,1.15,10,4,9.5,3,21.0,1.14,1,14,1.1,1.14,10.2,8.28,1.12,9.0,9,25/10/11,7.5,0,43,29.0,0,6.2,7.75,32,2.01,1,23.0,1.91,17,17.0,3.15,26.0,2.93,32.0,2.5,1.44,1.15,22.83,14.0,2
9,2.04,0,1.1,H,H,8.0,28.18,1.88,26.0,10,Mallorca,1.28,Barcelona,SP1,5,0,50.0,1,2,12.0,1,1.07,34.0,0,11,34.0,21.0,13.5,10.34,34.0,11.0,16,29/10/11,9.5,3,47,1.08,0,7.3,10.5,31,1.98,0,1.06,1.92,2,1.09,3.6,27.0,3.44,1.11,-2.75,1.32,15.0,1.07,1.11,18
3,2.05,9,12.0,D,D,5.5,1.26,1.9,1.25,4,Barcelona,1.49,Ath Bilbao,SP1,2,1,1.3,5,1,6.5,3,10.5,1.25,1,26,1.22,1.29,6.5,5.62,1.25,6.5,12,06/11/11,5.0,1,49,13.0,0,5.5,5.75,31,1.96,2,11.0,1.94,16,11.0,2.63,28.0,2.48,13.0,1.75,1.55,1.22,11.21,11.5,4
6,2.0,0,1.08,H,H,10.0,27.51,1.92,31.0,11,Zaragoza,1.28,Barcelona,SP1,4,0,41.0,1,3,15.0,2,1.05,23.0,0,20,26.0,23.0,15.0,11.71,41.0,12.0,17,19/11/11,10.0,2,46,1.07,0,7.5,11.5,30,1.94,0,1.06,1.98,4,1.08,3.6,23.0,3.44,1.09,-2.75,1.3,20.0,1.06,1.08,27
2,1.83,7,13.0,D,H,6.0,1.2,2.14,1.18,1,Barcelona,1.44,Getafe,SP1,1,0,1.22,13,2,7.0,4,14.5,1.22,0,16,1.2,1.22,7.37,6.32,1.2,6.5,6,26/11/11,6.0,0,42,17.0,0,5.3,6.5,26,1.75,0,13.0,2.21,21,12.0,2.75,20.0,2.62,17.92,1.75,1.5,1.22,13.59,11.0,7
5,1.97,4,1.06,H,H,11.0,31.15,1.96,29.0,6,Vallecano,1.26,Barcelona,SP1,4,0,45.0,2,3,15.0,2,1.05,29.0,0,9,29.0,21.0,17.45,12.19,41.0,11.0,16,29/11/11,10.5,3,47,1.06,0,7.5,12.0,30,1.9,0,1.06,2.0,10,1.08,2.9,29.0,3.55,1.1,-3.0,1.31,16.0,1.06,1.1,12
10,2.06,3,1.1,H,H,8.5,27.24,1.86,26.0,9,Levante,1.32,Barcelona,SP1,5,0,41.0,4,3,12.0,2,1.08,26.0,0,12,26.0,19.0,12.28,9.14,41.0,8.5,10,03/12/11,9.5,3,48,1.09,0,7.5,9.25,31,2.0,0,1.1,2.0,6,1.1,3.5,27.0,3.16,1.11,-2.75,1.38,16.0,1.09,1.1,18
3,1.86,7,2.4,D,A,3.4,2.87,2.06,2.85,5,Barcelona,1.7,Real Madrid,SP1,1,0,3.07,5,3,3.5,4,2.35,2.88,1,22,2.8,2.8,3.6,3.42,3.0,3.5,13,10/12/11,3.4,1,45,2.4,0,3.3,3.5,44,1.81,3,2.4,2.13,12,2.4,2.22,27.0,2.12,2.46,-0.25,1.8,2.75,2.38,2.3,17
4,1.88,3,12.0,A,D,5.5,1.22,2.03,1.22,4,Barcelona,1.48,Espanol,SP1,1,0,1.25,4,1,7.0,6,13.0,1.25,1,16,1.22,1.25,7.0,6.0,1.22,6.0,7,08/01/12,5.5,0,43,15.0,0,5.0,5.75,29,1.82,1,13.0,2.1,10,9.5,2.74,26.0,2.54,15.16,1.75,1.57,1.25,12.73,10.0,14
5,1.93,5,1.08,H,H,9.0,28.92,1.99,36.0,9,Betis,1.25,Barcelona,SP1,4,0,40.0,3,4,13.0,3,1.05,34.0,1,13,26.0,21.0,15.43,11.61,34.0,11.0,15,15/01/12,12.0,2,42,1.06,1,7.5,11.0,26,1.88,2,1.07,2.04,10,1.07,4.0,26.0,3.61,1.08,-3.0,1.33,20.0,1.06,1.07,16
3,1.92,11,11.0,A,A,5.0,1.28,2.01,1.28,6,Barcelona,1.53,Malaga,SP1,1,0,1.33,2,0,6.0,1,10.0,1.3,1,12,1.29,1.29,6.0,5.36,1.3,5.5,13,22/01/12,5.5,0,39,11.0,0,4.6,5.25,25,1.84,4,9.5,2.08,16,10.0,2.52,23.0,2.38,12.0,1.5,1.62,1.33,10.17,7.8,9
1,2.02,2,12.0,D,D,6.0,1.24,1.9,1.22,2,Barcelona,1.49,Villarreal,SP1,0,0,1.29,4,0,6.0,3,12.0,1.22,0,18,1.22,1.25,6.5,5.74,1.25,6.0,12,28/01/12,5.5,0,37,15.0,0,5.0,6.0,22,1.95,0,12.0,1.95,8,10.0,2.72,22.0,2.46,14.0,1.75,1.5,1.25,11.69,10.0,5
6,1.96,5,1.06,H,H,12.0,23.34,1.95,29.0,9,Sociedad,1.24,Barcelona,SP1,2,0,34.0,3,2,13.0,0,1.07,23.0,0,10,26.0,17.0,13.54,11.29,29.0,11.0,15,04/02/12,10.0,1,39,1.09,0,7.5,10.0,24,1.92,1,1.07,2.01,8,1.08,4.0,19.0,3.63,1.1,-2.75,1.29,20.0,1.07,1.08,18
3,2.08,8,8.5,H,H,4.75,1.34,1.86,1.33,3,Barcelona,1.62,Osasuna,SP1,3,0,1.4,12,6,5.0,2,9.25,1.36,0,23,1.33,1.36,5.4,4.79,1.36,5.0,7,11/02/12,4.5,2,37,10.5,0,4.1,4.75,30,1.98,2,9.5,1.91,20,7.5,2.38,22.0,2.25,10.69,1.5,1.69,1.4,9.25,7.0,7
11,2.0,3,1.29,H,H,5.0,10.65,1.93,11.5,15,Valencia,1.52,Barcelona,SP1,5,0,13.23,1,3,6.25,0,1.25,11.0,1,6,11.0,8.0,6.23,5.79,11.0,5.75,15,19/02/12,5.5,2,39,1.25,0,5.0,5.5,24,1.92,1,1.25,1.98,3,1.29,2.68,20.0,2.43,1.29,-1.75,1.58,9.0,1.25,1.28,32
6,2.19,3,7.0,A,A,4.33,1.47,1.78,1.48,5,Barcelona,1.57,Ath Madrid,SP1,1,0,1.53,2,5,4.6,7,6.5,1.44,1,22,1.44,1.5,4.65,4.29,1.5,4.33,12,26/02/12,4.2,0,38,7.0,0,3.9,4.6,24,2.08,2,7.0,1.82,7,5.5,2.52,19.0,2.28,7.5,1.25,1.65,1.45,6.55,6.5,10
13,1.92,1,1.1,H,H,9.0,22.71,1.98,21.0,5,Sp Gijon,1.29,Barcelona,SP1,3,1,31.0,1,7,12.0,4,1.08,23.0,0,11,26.0,23.0,13.0,10.31,29.0,11.0,23,03/03/12,8.5,1,41,1.1,0,7.5,10.0,28,1.88,1,1.08,2.05,4,1.1,3.65,20.0,3.33,1.11,-2.75,1.38,20.0,1.08,1.07,15
3,1.92,8,12.0,A,A,5.5,1.23,2.0,1.25,0,Barcelona,1.59,Santander,SP1,0,0,1.28,6,0,6.25,6,12.5,1.25,1,21,1.22,1.22,6.4,5.78,1.25,6.0,14,11/03/12,6.0,0,37,15.0,0,5.0,5.25,28,1.85,2,13.0,2.08,23,12.0,2.55,20.0,2.29,17.0,1.75,1.65,1.28,12.58,9.0,1
7,2.13,9,8.0,A,A,4.75,1.37,1.81,1.35,2,Barcelona,1.5,Sevilla,SP1,0,0,1.4,4,3,5.2,3,7.75,1.36,2,15,1.36,1.36,5.3,4.85,1.36,4.75,12,17/03/12,5.0,0,39,9.0,0,4.1,5.0,27,2.05,2,8.5,1.87,17,7.5,2.65,21.0,2.48,9.23,1.5,1.57,1.4,7.98,7.0,12
4,2.29,3,1.05,H,H,13.0,33.22,1.69,29.0,8,Granada,1.21,Barcelona,SP1,5,1,56.0,2,7,19.0,2,1.05,34.0,0,10,34.0,23.0,19.0,13.76,67.0,13.0,13,20/03/12,11.0,2,35,1.05,0,10.0,12.0,26,2.22,3,1.05,1.75,6,1.07,4.8,19.0,4.06,1.07,-3.0,1.24,25.0,1.05,1.05,18
5,1.9,6,13.0,A,A,6.0,1.22,2.0,1.22,2,Barcelona,1.45,Mallorca,SP1,0,0,1.25,8,1,6.5,2,12.0,1.22,1,17,1.22,1.25,7.0,5.95,1.22,6.0,6,24/03/12,5.5,0,38,15.0,1,5.3,6.0,29,1.85,2,13.0,2.05,18,12.0,2.8,21.0,2.63,15.6,1.75,1.53,1.22,13.06,11.0,10
10,1.95,1,1.12,H,H,8.5,18.25,2.0,17.0,14,Ath Bilbao,1.28,Barcelona,SP1,2,0,26.0,4,3,10.5,1,1.14,17.0,0,11,21.0,15.0,10.5,8.83,23.0,9.0,14,31/03/12,8.0,1,37,1.12,0,6.2,7.5,28,1.86,0,1.11,2.08,4,1.12,3.75,20.0,3.42,1.15,-2.5,1.33,14.0,1.11,1.15,20
2,1.98,7,17.0,A,A,6.5,1.15,1.93,1.14,5,Barcelona,1.4,Zaragoza,SP1,1,1,1.22,9,5,7.5,4,15.0,1.17,2,22,1.14,1.17,8.6,7.33,1.2,7.5,13,07/04/12,7.0,1,40,17.0,0,5.3,8.0,28,1.94,4,19.0,1.97,14,15.0,2.9,21.0,2.75,22.0,2.25,1.5,1.22,17.38,11.0,14
13,1.89,0,1.06,H,H,12.0,29.69,2.03,29.0,7,Getafe,1.23,Barcelona,SP1,4,0,49.0,5,1,15.0,1,1.06,29.0,0,9,26.0,23.0,16.15,12.5,41.0,13.0,10,10/04/12,10.5,2,38,1.07,0,7.5,11.0,24,1.84,0,1.06,2.07,2,1.08,4.5,22.0,3.91,1.08,-3.0,1.27,20.0,1.06,1.07,14
1,1.83,8,12.0,H,A,6.0,1.2,2.08,1.22,2,Barcelona,1.46,Levante,SP1,1,0,1.25,6,2,6.5,5,12.0,1.22,0,16,1.2,1.22,7.35,6.4,1.22,6.0,7,14/04/12,6.0,1,40,15.0,0,5.0,6.0,27,1.79,2,15.0,2.15,16,12.0,2.8,21.0,2.59,17.56,1.75,1.54,1.25,13.86,10.0,5
4,2.12,6,1.67,A,A,3.75,4.94,1.82,4.5,3,Real Madrid,1.59,Barcelona,SP1,1,0,5.38,7,4,4.3,2,1.67,5.0,1,11,5.0,4.33,4.4,3.96,5.2,4.0,20,21/04/12,4.2,0,41,1.67,0,3.8,4.33,32,2.05,2,1.62,1.85,14,1.67,2.48,22.0,2.3,1.7,0.75,1.64,5.0,1.65,1.67,14
7,2.05,8,7.0,A,A,5.5,1.35,1.85,1.35,4,Barcelona,1.39,Vallecano,SP1,0,0,1.4,9,1,5.5,3,7.75,1.36,3,20,1.33,1.36,5.55,4.95,1.36,5.0,7,29/04/12,5.0,0,41,9.0,0,4.1,5.0,28,1.99,7,9.0,1.9,19,7.0,3.05,24.0,2.87,9.7,1.5,1.47,1.4,8.36,7.0,10
4,2.22,3,1.22,H,H,6.0,13.49,1.74,12.0,6,Malaga,1.28,Barcelona,SP1,4,0,17.04,1,2,7.5,2,1.2,12.0,1,17,15.0,10.5,7.88,6.76,17.0,6.0,14,02/05/12,6.5,2,40,1.2,0,6.0,6.5,28,2.13,1,1.2,1.8,11,1.22,4.05,24.0,3.49,1.22,-2.0,1.33,9.0,1.19,1.22,11
5,1.91,3,1.14,H,H,7.0,17.68,2.0,17.5,6,Espanol,1.25,Barcelona,SP1,4,0,29.0,3,5,10.0,4,1.11,21.0,0,13,19.0,13.0,10.0,8.27,29.0,8.0,24,05/05/12,7.5,1,41,1.12,0,6.5,9.0,27,1.87,0,1.13,2.05,10,1.17,4.45,20.0,3.77,1.17,-2.75,1.3,12.0,1.12,1.15,14
2,1.94,6,9.0,A,D,5.0,1.33,1.96,1.35,3,Barcelona,1.39,Betis,SP1,2,0,1.36,7,0,5.75,2,7.75,1.33,1,15,1.33,1.33,6.28,5.23,1.33,5.5,11,12/05/12,5.0,0,39,9.0,1,4.5,5.0,25,1.88,2,7.5,2.01,11,8.5,3.1,22.0,2.85,9.0,1.5,1.5,1.35,8.25,7.3,5
9,1.99,2,1.07,H,H,11.0,24.64,1.93,23.0,10,Sociedad,1.3,Barcelona,SP1,5,0,34.0,1,3,12.0,2,1.08,29.0,1,9,26.0,17.0,13.0,9.77,31.0,9.0,12,19/08/12,8.0,4,35,1.1,0,7.0,10.0,23,1.93,1,1.1,1.98,5,1.11,3.65,23.0,3.36,1.12,-2.75,1.33,14.0,1.09,1.12,18
4,1.91,10,12.0,H,A,6.0,1.22,2.01,1.22,5,Barcelona,1.49,Osasuna,SP1,1,1,1.25,7,3,6.5,6,11.0,1.22,0,17,1.22,1.22,7.0,6.04,1.22,6.0,11,26/08/12,5.0,1,33,15.0,0,5.0,6.25,22,1.88,2,12.0,2.05,15,10.0,2.7,18.0,2.52,15.0,1.75,1.55,1.25,12.3,10.0,17
5,2.19,1,1.22,H,H,6.0,12.73,1.77,11.0,5,Valencia,1.36,Barcelona,SP1,1,0,14.01,3,2,7.0,1,1.22,13.0,0,8,13.0,13.0,7.4,6.31,13.0,6.0,10,02/09/12,6.0,1,35,1.22,0,5.5,6.25,24,2.12,0,1.22,1.8,4,1.22,3.12,21.0,2.98,1.24,-1.75,1.44,12.0,1.21,1.2,11
1,1.99,9,10.0,A,A,5.5,1.28,1.94,1.26,3,Barcelona,1.52,Getafe,SP1,1,0,1.33,7,2,5.75,2,10.5,1.29,1,14,1.25,1.25,6.0,5.46,1.3,6.0,10,15/09/12,5.0,0,37,11.0,0,5.0,5.5,27,1.93,4,11.0,1.98,15,8.0,2.64,24.0,2.45,12.0,1.5,1.61,1.27,10.37,9.0,6
14,2.03,3,1.07,D,H,10.0,32.22,1.89,29.0,11,Granada,1.22,Barcelona,SP1,2,0,51.0,5,3,15.0,0,1.06,51.0,0,10,34.0,19.0,15.95,12.27,51.0,12.0,15,22/09/12,9.0,0,39,1.06,0,10.0,11.0,22,1.98,0,1.05,1.95,6,1.04,4.4,23.0,3.98,1.08,-2.75,1.25,25.0,1.06,1.05,20
2,1.93,7,6.0,H,A,3.6,1.53,1.97,1.5,3,Barcelona,1.6,Sevilla,SP1,2,1,1.6,7,2,4.33,2,6.25,1.6,0,15,1.5,1.44,4.44,4.1,1.57,4.33,3,29/09/12,4.33,1,39,6.25,0,3.7,4.1,33,1.9,3,6.0,2.02,15,6.0,2.4,25.0,2.3,7.0,1.0,1.69,1.55,6.28,5.4,8
7,1.81,3,1.83,D,D,4.0,3.88,2.11,3.6,2,Real Madrid,1.51,Barcelona,SP1,2,0,4.04,2,4,4.0,2,1.95,3.75,1,17,3.75,4.0,4.05,3.72,4.0,4.0,16,07/10/12,3.6,1,38,1.9,0,3.65,4.0,25,1.78,2,1.83,2.17,10,1.8,2.74,22.0,2.5,1.96,-0.75,1.57,4.0,1.88,1.8,10
5,2.11,6,10.0,A,A,5.0,1.32,1.85,1.3,8,Barcelona,1.51,La Coruna,SP1,4,0,1.36,1,3,5.5,4,8.5,1.3,4,13,1.3,1.3,5.8,5.12,1.33,5.0,15,20/10/12,5.0,2,36,10.5,1,5.0,5.5,23,2.02,5,10.0,1.9,10,8.5,2.7,23.0,2.49,11.0,1.5,1.58,1.3,9.29,9.0,13
7,2.03,10,10.0,A,A,5.5,1.26,1.9,1.22,3,Barcelona,1.36,Vallecano,SP1,0,0,1.29,4,1,6.5,5,11.5,1.29,1,18,1.25,1.25,6.72,5.82,1.29,6.0,14,27/10/12,5.5,0,37,11.0,0,5.5,6.0,23,1.97,5,11.0,1.94,15,9.5,3.55,21.0,3.05,13.0,1.75,1.41,1.25,10.41,10.3,18
4,2.2,4,1.1,H,H,9.0,25.58,1.77,23.0,6,Celta,1.24,Barcelona,SP1,3,0,31.29,5,2,13.0,1,1.08,23.0,1,9,26.0,21.0,14.0,10.11,29.0,10.0,11,03/11/12,10.0,2,36,1.09,0,8.0,10.0,21,2.12,1,1.08,1.82,11,1.09,4.15,22.0,3.84,1.1,-2.5,1.27,20.0,1.08,1.1,13
6,1.94,5,12.0,A,A,5.5,1.23,1.98,1.25,3,Barcelona,1.43,Mallorca,SP1,2,0,1.25,6,1,6.5,1,11.0,1.25,3,18,1.22,1.25,7.0,6.12,1.25,6.0,6,11/11/12,6.0,0,38,13.0,0,5.5,5.5,25,1.89,4,13.0,2.05,12,10.0,2.9,23.0,2.71,15.0,1.75,1.49,1.25,11.61,10.3,5
5,2.11,2,1.1,H,H,9.0,24.15,1.83,23.0,3,Zaragoza,1.21,Barcelona,SP1,3,0,35.0,7,1,13.0,0,1.09,23.0,1,6,26.0,23.0,15.0,10.65,29.0,10.0,15,17/11/12,10.0,2,38,1.09,0,9.5,9.25,27,2.04,1,1.08,1.86,13,1.08,4.4,22.0,4.15,1.1,-2.75,1.25,21.0,1.08,1.08,8
4,1.93,7,12.0,D,A,5.0,1.25,1.97,1.25,3,Barcelona,1.43,Levante,SP1,0,0,1.29,8,1,6.5,0,10.5,1.29,0,7,1.2,1.3,6.57,5.79,1.25,6.5,6,25/11/12,5.5,0,39,13.0,0,5.2,5.75,26,1.89,4,13.0,2.03,13,9.0,3.05,25.0,2.69,14.0,1.75,1.5,1.27,11.92,10.0,11
3,1.91,2,1.1,H,H,9.5,21.39,2.0,18.5,10,Ath Bilbao,1.22,Barcelona,SP1,5,0,31.0,1,3,12.0,1,1.09,21.0,0,7,21.0,19.0,12.42,9.68,26.0,10.0,10,01/12/12,10.0,3,40,1.11,0,8.0,10.0,27,1.86,1,1.09,2.05,6,1.1,4.6,25.0,4.01,1.12,-2.75,1.26,20.0,1.09,1.1,19
4,1.92,8,9.0,A,A,5.0,1.31,2.0,1.3,3,Barcelona,1.41,Betis,SP1,1,0,1.33,5,2,5.5,3,9.0,1.33,2,17,1.3,1.33,6.06,5.34,1.33,5.5,11,09/12/12,5.0,1,38,10.5,0,5.0,5.25,26,1.86,2,9.0,2.06,13,8.5,3.0,23.0,2.77,11.24,1.5,1.46,1.33,9.43,7.7,9
9,2.09,1,1.3,H,H,5.5,9.61,1.84,8.5,6,Ath Madrid,1.41,Barcelona,SP1,4,0,11.0,5,1,6.0,1,1.3,8.5,1,15,10.0,8.5,6.4,5.54,10.0,6.0,16,16/12/12,5.5,2,41,1.3,0,4.8,5.5,29,2.02,1,1.25,1.9,8,1.3,3.2,25.0,2.78,1.33,-1.5,1.47,8.3,1.29,1.33,11
2,2.13,5,12.0,A,A,5.5,1.23,1.8,1.2,2,Barcelona,1.4,Valladolid,SP1,1,0,1.27,4,1,6.5,4,14.0,1.25,1,15,1.22,1.25,7.1,6.26,1.25,6.0,4,22/12/12,6.0,0,41,13.0,0,5.2,6.25,30,2.07,3,13.0,1.85,11,10.0,3.15,24.0,2.82,14.0,2.0,1.45,1.27,11.9,10.0,5
7,1.99,1,1.11,H,H,9.0,23.62,1.91,23.0,8,Espanol,1.24,Barcelona,SP1,4,0,29.4,1,4,12.0,0,1.09,21.0,0,3,21.0,21.0,14.0,9.92,26.0,10.0,17,06/01/13,10.0,4,39,1.11,0,8.0,9.75,26,1.94,0,1.1,1.96,5,1.09,4.35,23.0,3.88,1.11,-2.75,1.29,20.0,1.09,1.1,19
2,2.39,4,7.5,A,A,4.2,1.43,1.65,1.42,2,Barcelona,1.48,Malaga,SP1,1,0,1.49,5,2,4.75,1,7.5,1.44,1,17,1.4,1.44,5.1,4.51,1.45,4.75,14,13/01/13,4.5,0,38,7.5,0,4.6,4.33,28,2.28,3,7.0,1.74,12,6.5,2.78,23.0,2.58,8.2,1.5,1.53,1.4,7.1,6.8,7
3,2.21,3,11.0,A,H,5.0,1.28,1.77,1.25,6,Barcelona,1.4,Sociedad,SP1,3,0,1.33,6,2,5.75,3,9.5,1.3,2,14,1.29,1.3,6.1,5.44,1.3,5.5,15,19/01/13,5.5,1,40,11.5,1,5.2,6.25,29,2.11,2,10.0,1.84,8,9.0,3.05,23.0,2.82,12.0,1.75,1.47,1.27,10.48,10.0,14
8,2.25,1,1.1,H,H,9.0,25.22,1.77,23.0,9,Osasuna,1.25,Barcelona,SP1,5,0,36.0,2,1,13.0,1,1.09,21.0,1,11,29.0,23.0,15.0,10.4,29.0,11.0,9,27/01/13,10.0,3,37,1.09,1,8.0,9.75,27,2.1,1,1.07,1.82,3,1.08,4.35,21.0,3.81,1.1,-2.5,1.3,20.0,1.08,1.1,19
6,1.82,2,7.0,D,D,4.33,1.46,2.12,1.45,5,Barcelona,1.42,Valencia,SP1,1,0,1.51,5,1,4.75,3,6.75,1.44,1,20,1.44,1.44,5.1,4.47,1.45,4.33,13,03/02/13,4.5,1,40,7.0,0,4.0,4.4,26,1.75,1,7.0,2.2,10,6.5,3.15,26.0,2.78,7.1,1.0,1.47,1.45,6.51,7.0,17
4,2.29,1,1.12,H,H,8.0,22.45,1.71,23.0,9,Getafe,1.21,Barcelona,SP1,6,0,29.0,0,2,12.0,1,1.09,21.0,0,13,21.0,21.0,13.15,10.01,26.0,10.0,9,10/02/13,10.0,2,40,1.11,0,8.0,9.75,28,2.19,1,1.09,1.77,6,1.09,4.6,23.0,4.19,1.12,-2.5,1.26,20.0,1.09,1.1,17
1,2.4,8,12.0,H,A,5.0,1.27,1.65,1.22,5,Barcelona,1.38,Granada,SP1,1,0,1.3,1,1,6.25,2,11.5,1.29,0,15,1.25,1.25,6.8,5.66,1.29,6.0,14,16/02/13,6.0,1,38,12.0,0,5.0,6.25,28,2.28,2,10.0,1.75,17,10.0,3.25,23.0,2.93,12.0,2.0,1.45,1.3,10.87,9.0,6
10,2.08,4,1.2,A,H,6.0,13.06,1.84,13.0,3,Sevilla,1.26,Barcelona,SP1,2,0,15.74,1,2,8.0,0,1.19,15.0,1,10,13.0,10.0,8.03,6.83,15.0,7.0,12,23/02/13,7.0,0,39,1.2,0,6.0,6.75,26,2.02,1,1.18,1.89,7,1.22,4.0,25.0,3.59,1.22,-2.0,1.33,10.5,1.2,1.22,17
4,1.85,2,3.0,D,H,3.2,2.34,2.13,2.4,6,Barcelona,1.54,Real Madrid,SP1,2,0,2.6,1,6,3.7,4,2.65,2.4,1,21,2.3,2.3,3.74,3.48,2.4,3.6,19,02/03/13,3.5,1,41,3.0,1,3.4,3.7,30,1.74,1,2.88,2.21,5,2.87,2.64,24.0,2.39,3.05,0.0,1.6,2.6,2.92,2.5,14
2,1.93,0,1.14,H,H,7.0,17.28,1.99,18.0,7,La Coruna,1.25,Barcelona,SP1,2,0,23.0,0,1,9.5,2,1.12,21.0,0,14,19.0,15.0,10.5,8.45,21.0,9.0,10,09/03/13,8.5,1,38,1.14,0,8.0,8.75,27,1.88,0,1.11,2.08,4,1.14,4.1,23.0,3.72,1.16,-2.5,1.3,16.0,1.13,1.12,12
6,2.14,8,1.14,H,H,7.0,19.55,1.82,15.5,7,Vallecano,1.23,Barcelona,SP1,3,0,27.0,10,4,10.0,1,1.14,21.0,0,9,21.0,17.0,11.0,8.72,22.0,9.0,18,17/03/13,8.5,2,39,1.13,0,8.0,8.25,24,2.05,1,1.11,1.88,17,1.12,4.5,24.0,3.93,1.14,-2.5,1.29,16.0,1.12,1.12,19
5,2.3,3,8.0,D,D,4.5,1.39,1.72,1.4,3,Barcelona,1.48,Celta,SP1,2,0,1.45,9,3,5.0,4,8.25,1.4,1,15,1.36,1.33,5.13,4.67,1.44,5.0,12,30/03/13,5.0,1,37,7.0,0,4.4,4.33,27,2.18,2,8.0,1.76,8,8.0,2.7,22.0,2.57,8.5,1.5,1.57,1.4,7.71,7.3,8
5,1.99,3,1.22,H,H,5.5,13.89,1.95,13.0,9,Mallorca,1.34,Barcelona,SP1,5,0,17.0,5,1,7.5,1,1.19,15.0,0,12,15.0,12.0,7.72,6.87,15.0,7.0,14,06/04/13,7.5,4,39,1.18,0,6.0,6.75,27,1.92,0,1.17,2.01,13,1.18,3.45,25.0,3.06,1.22,-2.0,1.4,12.5,1.19,1.2,22
2,2.33,6,7.0,A,A,4.33,1.43,1.69,1.44,2,Barcelona,1.53,Zaragoza,SP1,0,0,1.49,7,2,4.8,3,7.0,1.44,2,16,1.4,1.36,4.9,4.51,1.45,4.75,15,14/04/13,4.8,0,39,7.5,0,4.0,4.4,27,2.24,3,7.5,1.75,11,8.0,2.58,25.0,2.42,8.5,1.5,1.62,1.45,7.3,7.0,12
11,1.98,0,1.22,D,H,6.0,13.49,1.96,15.0,9,Levante,1.39,Barcelona,SP1,1,0,17.0,1,2,7.5,1,1.19,13.0,0,13,13.0,12.0,7.7,6.71,15.0,6.5,6,20/04/13,7.0,0,39,1.2,0,5.5,6.25,27,1.91,0,1.2,2.0,4,1.2,3.0,23.0,2.84,1.25,-2.0,1.46,10.3,1.2,1.25,18
2,2.22,6,5.0,H,D,3.5,1.66,1.76,1.67,3,Barcelona,1.57,Ath Bilbao,SP1,2,0,1.74,1,2,4.1,3,4.75,1.73,0,17,1.67,1.61,4.15,3.92,1.67,4.0,11,27/04/13,4.0,1,41,5.2,0,4.0,3.9,28,2.13,2,4.75,1.79,15,5.0,2.5,27.0,2.33,5.5,1.0,1.64,1.65,4.96,4.5,7
7,1.91,3,1.25,A,H,5.5,11.71,2.03,10.5,10,Betis,1.35,Barcelona,SP1,4,0,17.0,0,1,7.0,1,1.22,12.0,2,12,12.0,10.0,7.1,6.44,13.0,7.0,10,05/05/13,6.0,1,41,1.2,0,5.7,6.75,29,1.85,2,1.2,2.1,5,1.25,3.4,26.0,3.07,1.27,-2.0,1.41,11.0,1.22,1.22,19
3,2.2,3,3.8,D,A,3.5,1.91,1.74,1.9,2,Barcelona,1.51,Ath Madrid,SP1,1,0,1.95,2,2,4.0,1,3.9,1.95,0,18,1.91,1.91,4.04,3.6,1.93,3.5,11,12/05/13,3.75,0,40,3.8,0,3.6,3.5,27,2.16,2,4.0,1.78,11,3.6,2.7,24.0,2.47,4.1,0.75,1.55,1.9,3.85,3.6,12
14,1.94,2,1.3,H,H,5.0,9.89,1.97,9.25,4,Valladolid,1.34,Barcelona,SP1,2,0,11.29,2,0,6.5,0,1.28,10.0,0,4,10.0,8.5,6.67,5.81,10.5,5.5,6,19/05/13,6.0,2,41,1.29,0,6.0,5.5,26,1.9,1,1.29,2.03,5,1.29,3.4,25.0,3.12,1.3,-1.75,1.4,9.0,1.27,1.25,16
4,2.0,4,5.5,A,A,3.75,1.57,1.91,1.57,2,Barcelona,1.47,Espanol,SP1,0,1,1.62,5,2,4.4,3,5.75,1.62,1,13,1.57,1.57,4.42,4.02,1.57,4.1,10,26/05/13,3.8,0,41,5.4,0,4.0,3.9,28,1.95,2,5.5,1.95,10,5.5,2.82,26.0,2.59,6.3,1.0,1.54,1.6,5.53,4.8,6
9,2.22,5,1.29,H,H,5.5,10.33,1.73,9.0,6,Malaga,1.28,Barcelona,SP1,4,0,11.36,6,0,6.5,0,1.25,10.0,0,5,10.0,10.0,6.79,6.01,11.0,6.0,5,01/06/13,6.0,3,40,1.25,0,6.0,6.25,29,2.16,1,1.25,1.78,11,1.25,3.75,26.0,3.48,1.29,-1.5,1.35,10.5,1.26,1.22,10
9,,1,1.08,H,H,11.0,24.0,,23.0,13,Levante,1.23,Barcelona,SP1,7,0,33.0,3,3,13.0,1,1.08,23.0,0,15,26.0,23.0,15.0,10.55,31.0,10.0,16,18/08/13,10.0,6,33,1.09,0,8.0,10.5,18,,0,1.08,,4,1.08,4.5,,3.96,1.1,,1.27,20.0,1.08,1.1,22
2,2.15,11,12.0,A,A,7.0,1.22,1.79,1.2,3,Barcelona,1.37,Malaga,SP1,0,0,1.26,11,2,7.0,3,14.0,1.2,1,14,1.22,1.22,7.1,6.25,1.25,6.0,12,25/08/13,6.0,0,34,12.0,0,5.5,6.25,21,2.07,1,13.0,1.88,15,12.0,3.25,21.0,2.93,15.0,2.0,1.45,1.25,12.51,10.3,9
5,1.97,9,5.5,A,A,4.33,1.53,1.95,1.48,10,Barcelona,1.51,Valencia,SP1,2,0,1.6,7,3,4.5,2,6.25,1.55,3,20,1.53,1.5,4.5,4.15,1.57,4.33,11,01/09/13,4.33,2,34,5.75,0,3.9,4.4,21,1.91,3,5.5,2.04,20,6.0,2.65,20.0,2.48,6.9,1.0,1.57,1.6,5.9,5.0,16
6,2.17,2,1.17,H,H,7.5,14.19,1.77,13.5,10,Sevilla,1.27,Barcelona,SP1,3,0,20.0,9,5,8.0,2,1.18,13.0,0,12,15.0,13.0,8.52,7.4,15.0,7.0,17,14/09/13,7.5,1,36,1.18,0,7.0,7.0,22,2.1,2,1.18,1.86,7,1.16,4.0,20.0,3.56,1.2,-2.0,1.32,15.0,1.17,1.15,19
6,1.9,8,12.0,A,A,7.0,1.19,2.0,1.2,9,Barcelona,1.3,Vallecano,SP1,0,0,1.25,14,1,7.5,2,13.0,1.2,1,21,1.2,1.18,7.9,6.77,1.2,6.5,16,21/09/13,7.0,0,36,15.0,0,6.0,6.5,22,1.85,4,13.0,2.1,14,13.0,3.75,21.0,3.27,18.0,2.0,1.38,1.25,13.79,9.0,14
6,1.91,5,1.14,H,H,7.0,18.44,2.01,15.5,9,Sociedad,1.22,Barcelona,SP1,4,0,26.0,1,1,10.0,0,1.12,21.0,0,6,19.0,15.0,10.85,8.8,20.0,8.0,12,24/09/13,8.0,3,34,1.14,0,8.0,9.0,23,1.85,1,1.13,2.1,9,1.14,4.95,20.0,3.97,1.14,-2.5,1.252,16.0,1.13,1.13,23
2,1.85,4,15.0,A,A,7.0,1.17,2.11,1.18,1,Barcelona,1.24,Almeria,SP1,0,0,1.19,3,2,8.0,1,13.5,1.17,1,20,1.18,1.16,9.4,7.31,1.18,7.0,15,28/09/13,7.5,0,35,15.0,0,7.0,7.0,21,1.76,2,13.0,2.25,15,13.0,4.35,19.0,3.75,19.0,2.0,1.31,1.17,14.69,13.0,5
7,1.94,1,1.12,D,H,9.0,23.19,1.97,21.0,8,Valladolid,1.33,Barcelona,SP1,4,0,34.0,4,3,10.5,0,1.1,26.0,1,7,21.0,19.0,12.0,9.09,31.0,10.0,15,05/10/13,8.5,1,37,1.11,0,8.0,9.0,23,1.89,1,1.09,2.01,7,1.12,3.4,21.0,3.14,1.13,-2.5,1.37,19.0,1.11,1.11,21
2,1.74,3,10.0,D,D,6.0,1.23,2.21,1.22,1,Barcelona,1.4,Osasuna,SP1,0,0,1.27,5,2,6.5,3,12.5,1.25,0,13,1.22,1.25,6.9,6.02,1.25,6.0,8,19/10/13,6.0,0,38,13.0,0,6.0,6.0,26,1.69,0,12.0,2.3,12,10.0,3.0,21.0,2.74,16.0,1.5,1.46,1.22,12.17,11.0,4
4,1.95,6,1.83,H,H,3.4,4.28,1.98,3.8,5,Real Madrid,1.47,Barcelona,SP1,2,0,4.53,3,5,4.0,2,1.78,4.5,0,19,4.33,4.0,4.12,3.78,4.333,4.0,16,26/10/13,3.75,1,38,1.833,0,3.5,4.1,29,1.88,1,1.75,2.03,10,1.83,2.78,19.0,2.58,1.85,-0.75,1.53,4.2,1.78,1.8,12
5,1.9,8,10.0,A,A,6.0,1.26,2.03,1.25,4,Barcelona,1.41,Celta,SP1,0,0,1.31,7,1,6.0,3,11.0,1.25,1,17,1.29,1.25,6.27,5.69,1.29,5.5,12,29/10/13,6.0,0,39,12.0,0,5.5,5.5,25,1.83,3,10.0,2.07,20,11.0,2.95,21.0,2.74,13.0,1.5,1.5,1.22,11.15,12.0,12
9,2.02,2,1.11,D,H,9.0,22.55,1.9,18.0,5,Espanol,1.27,Barcelona,SP1,1,0,31.52,2,3,11.5,1,1.09,21.0,0,7,26.0,21.0,11.73,10.06,31.0,10.0,19,01/11/13,9.0,0,35,1.1,0,8.0,10.5,22,1.98,0,1.09,1.94,8,1.1,4.1,19.0,3.57,1.12,-2.5,1.31,16.0,1.1,1.12,19
9,1.79,8,10.0,A,A,5.5,1.26,2.13,1.23,5,Barcelona,1.37,Betis,SP1,1,0,1.29,0,2,6.5,3,11.5,1.29,2,18,1.25,1.25,6.51,5.85,1.29,6.0,12,10/11/13,6.0,0,35,12.0,0,6.0,6.0,23,1.75,4,11.0,2.22,11,10.0,3.0,19.0,2.89,12.75,1.5,1.44,1.25,10.87,9.0,16
3,1.77,3,1.17,H,H,6.5,19.2,2.15,16.0,8,Granada,1.38,Barcelona,SP1,4,0,26.0,7,2,9.0,2,1.14,21.0,0,19,17.0,17.0,9.66,8.13,26.0,8.5,19,23/11/13,8.5,2,37,1.14,1,8.0,7.75,24,1.74,0,1.13,2.23,10,1.13,3.13,20.0,2.9,1.17,-2.5,1.43,20.0,1.13,1.1,13
4,2.14,2,5.5,D,H,3.5,1.61,1.8,1.57,6,Barcelona,1.53,Ath Bilbao,SP1,1,0,1.69,5,4,4.2,3,5.5,1.67,0,16,1.6,1.57,4.33,3.99,1.67,4.2,10,01/12/13,4.0,0,38,5.25,0,4.0,4.1,24,2.07,0,5.0,1.87,11,5.5,2.5,21.0,2.37,6.1,1.0,1.6,1.5,5.32,6.1,15
7,2.05,1,1.29,H,H,5.5,9.63,1.88,9.25,7,Villarreal,1.43,Barcelona,SP1,2,0,11.0,4,1,6.0,1,1.3,10.0,0,7,11.0,8.5,6.26,5.59,9.5,5.5,12,14/12/13,5.5,1,37,1.3,0,6.0,5.25,25,1.98,1,1.29,1.94,3,1.3,2.88,20.0,2.68,1.33,-1.5,1.5,9.0,1.29,1.25,13
7,2.27,7,7.0,A,A,4.33,1.41,1.71,1.42,2,Barcelona,1.61,Getafe,SP1,2,0,1.45,1,3,5.0,4,7.25,1.44,3,26,1.4,1.45,5.06,4.55,1.44,4.75,7,22/12/13,4.33,2,37,8.0,0,5.0,4.5,27,2.18,5,7.0,1.77,15,6.5,2.35,19.0,2.25,8.54,1.5,1.67,1.35,7.66,7.2,12
1,2.15,0,1.1,H,H,8.0,25.55,1.79,23.0,6,Elche,1.28,Barcelona,SP1,4,0,41.0,2,2,11.5,2,1.09,34.0,0,12,26.0,21.0,14.87,11.02,41.0,11.0,17,05/01/14,10.0,2,38,1.07,0,8.0,9.5,23,2.09,0,1.07,1.85,3,1.09,3.8,19.0,3.47,1.11,-2.5,1.3,20.0,1.08,1.1,13
7,1.97,2,3.3,D,D,3.1,2.2,1.94,2.2,2,Barcelona,1.63,Ath Madrid,SP1,0,0,2.29,6,3,3.5,2,3.2,2.25,0,17,2.2,2.15,3.7,3.41,2.25,3.5,9,11/01/14,3.5,0,43,3.25,0,3.5,3.4,36,1.93,0,3.1,1.98,9,3.3,2.38,19.0,2.24,3.6,0.25,1.7,2.1,3.25,3.3,6
2,1.89,6,13.0,D,D,7.5,1.18,2.02,1.19,4,Barcelona,1.36,Levante,SP1,1,0,1.21,8,1,7.5,3,15.0,1.18,1,13,1.17,1.2,9.1,6.97,1.2,7.0,11,19/01/14,7.0,1,40,18.0,0,6.5,6.5,20,1.85,1,15.0,2.1,17,12.0,3.2,22.0,2.99,19.86,2.0,1.4,1.17,15.04,14.0,7
15,2.15,2,1.08,H,H,9.0,25.36,1.82,21.0,10,Malaga,1.25,Barcelona,SP1,3,0,42.62,2,3,12.0,1,1.08,34.0,0,13,23.0,21.0,16.0,10.3,34.0,10.0,16,26/01/14,10.0,1,39,1.1,0,8.0,11.0,29,2.03,0,1.08,1.9,4,1.09,4.0,20.0,3.72,1.13,-2.5,1.3,20.0,1.08,1.1,23
9,1.85,4,1.14,D,A,7.0,19.86,2.08,17.0,5,Valencia,1.3,Barcelona,SP1,2,1,26.0,5,3,8.5,2,1.13,21.0,1,18,19.0,17.0,10.9,8.19,23.0,8.0,8,01/02/14,8.0,1,44,1.14,0,7.0,8.0,32,1.79,3,1.13,2.15,8,1.14,3.85,24.0,3.37,1.16,-2.5,1.36,15.0,1.13,1.15,20
6,2.0,5,6.0,A,A,4.0,1.55,1.94,1.53,4,Barcelona,1.45,Sevilla,SP1,1,0,1.61,0,3,4.2,3,5.5,1.53,2,22,1.53,1.5,4.64,4.16,1.6,4.0,9,09/02/14,4.33,1,43,5.5,0,4.0,4.33,31,1.92,4,6.0,2.07,9,6.0,3.05,25.0,2.65,7.0,1.0,1.5,1.5,5.88,6.1,15
12,2.12,4,1.08,H,H,11.0,29.57,1.83,26.0,10,Vallecano,1.21,Barcelona,SP1,6,0,41.0,5,0,15.0,0,1.08,23.0,0,6,29.0,23.0,18.88,11.79,34.0,11.0,10,15/02/14,11.0,2,45,1.06,0,9.5,9.75,30,2.05,0,1.07,1.9,9,1.08,4.8,20.0,4.14,1.1,-2.75,1.26,22.0,1.07,1.08,21
2,2.1,3,8.0,D,H,4.5,1.37,1.84,1.36,3,Barcelona,1.39,Sociedad,SP1,3,0,1.41,13,3,5.0,2,8.0,1.4,1,13,1.36,1.4,5.53,4.9,1.4,5.0,15,22/02/14,5.0,1,44,8.0,0,4.8,5.0,32,2.01,1,7.5,1.9,12,7.0,3.13,21.0,2.85,9.2,1.5,1.44,1.35,7.79,7.6,15
13,2.18,3,1.06,H,H,11.0,35.67,1.81,29.0,11,Almeria,1.19,Barcelona,SP1,4,0,60.2,4,4,13.0,1,1.06,41.0,1,8,34.0,26.0,20.36,13.3,51.0,13.0,12,02/03/14,12.0,2,39,1.05,0,9.5,11.0,27,2.06,1,1.05,1.9,6,1.06,5.0,23.0,4.33,1.07,-3.0,1.22,22.0,1.05,1.07,29
4,2.08,6,15.0,H,H,5.5,1.2,1.86,1.23,2,Barcelona,1.41,Valladolid,SP1,1,0,1.22,3,1,7.0,5,11.5,1.22,0,15,1.2,1.2,8.4,6.61,1.22,7.0,14,08/03/14,6.5,1,49,15.0,0,6.0,6.0,35,1.99,0,12.0,1.92,13,13.0,3.0,27.0,2.82,18.0,2.0,1.46,1.22,14.02,10.5,7
4,2.11,3,1.06,H,H,11.0,36.25,1.84,31.0,11,Osasuna,1.21,Barcelona,SP1,7,0,69.45,4,2,17.0,1,1.07,41.0,0,9,29.0,26.0,21.0,13.03,46.0,15.0,10,16/03/14,11.0,3,48,1.05,0,9.5,10.5,29,2.02,0,1.05,1.96,6,1.07,4.95,25.0,4.19,1.1,-3.0,1.25,22.0,1.06,1.08,20
1,1.79,6,2.3,D,A,3.2,3.2,2.16,3.0,8,Barcelona,1.55,Real Madrid,SP1,3,1,3.6,5,2,3.5,5,2.25,3.2,2,24,3.0,3.1,3.71,3.48,3.2,3.5,12,23/03/14,3.6,2,50,2.2,0,3.5,3.5,41,1.72,4,2.25,2.2,18,2.25,2.7,25.0,2.4,2.3,-0.5,1.62,3.0,2.2,2.3,13
4,1.9,6,1.05,H,H,11.0,35.58,2.04,23.0,6,Celta,1.2,Barcelona,SP1,3,0,67.0,6,2,15.0,2,1.05,51.0,0,11,34.0,26.0,22.68,14.08,41.0,15.0,8,26/03/14,13.0,2,49,1.06,0,9.5,14.0,32,1.81,0,1.05,2.15,8,1.05,5.1,28.0,4.21,1.07,-3.0,1.25,22.0,1.05,1.07,14
3,2.04,8,9.0,D,A,4.5,1.34,1.87,1.33,1,Barcelona,1.51,Espanol,SP1,0,1,1.36,11,2,5.5,4,8.5,1.36,0,24,1.33,1.33,5.8,5.16,1.36,5.0,8,29/03/14,5.5,0,48,9.5,0,5.0,5.0,35,1.97,1,9.0,1.91,20,8.0,2.7,28.0,2.47,10.5,1.5,1.56,1.3,8.77,9.0,8
4,1.93,4,1.06,H,H,12.0,30.98,2.06,26.0,4,Betis,1.18,Barcelona,SP1,3,0,50.0,4,2,15.0,0,1.06,26.0,0,9,29.0,29.0,21.35,14.09,36.0,15.0,16,05/04/14,12.0,1,49,1.06,0,9.5,11.5,31,1.81,1,1.05,2.14,12,1.05,5.0,26.0,4.51,1.07,-3.0,1.22,22.0,1.05,1.07,12
1,2.02,9,11.0,H,H,5.0,1.26,1.9,1.25,4,Barcelona,1.38,Granada,SP1,1,0,1.29,13,3,6.5,0,10.5,1.29,0,10,1.25,1.25,7.3,6.16,1.29,6.5,5,12/04/14,6.5,1,34,11.0,0,6.0,5.75,23,1.96,0,9.5,1.99,29,10.0,3.1,21.0,2.93,14.0,1.75,1.43,1.25,10.29,9.0,5
9,1.82,4,1.25,D,H,6.0,11.38,2.1,10.5,8,Ath Bilbao,1.34,Barcelona,SP1,2,0,16.0,4,3,7.0,2,1.22,11.0,0,16,12.0,11.0,7.2,6.33,11.5,7.0,17,20/04/14,6.5,0,46,1.25,0,6.0,6.25,38,1.77,1,1.2,2.21,11,1.25,3.5,22.0,3.18,1.27,-2.0,1.4,9.0,1.23,1.25,17
2,1.82,7,7.5,H,A,4.2,1.46,2.1,1.45,3,Barcelona,1.54,Villarreal,SP1,2,0,1.5,9,3,4.5,3,6.5,1.44,0,11,1.44,1.5,5.2,4.49,1.5,4.5,6,27/04/14,4.33,1,48,6.5,0,4.0,4.4,35,1.76,3,6.5,2.3,20,6.0,2.56,24.0,2.4,8.0,1.0,1.6,1.48,6.63,6.5,5
11,2.07,5,1.08,D,D,11.0,30.07,1.87,26.0,8,Getafe,1.2,Barcelona,SP1,2,0,46.0,3,3,13.0,3,1.06,34.0,1,13,26.0,23.0,19.0,12.09,46.0,11.0,6,03/05/14,11.0,1,49,1.05,0,11.0,11.0,34,1.99,2,1.07,1.94,8,1.07,5.0,27.0,4.3,1.09,-3.0,1.25,25.0,1.06,1.05,21
2,2.04,6,12.0,D,D,5.5,1.21,1.92,1.2,0,Barcelona,1.36,Elche,SP1,0,0,1.25,11,3,7.0,3,11.5,1.25,0,16,1.2,1.22,7.6,6.62,1.22,7.0,16,11/05/14,6.5,0,51,15.0,0,6.0,6.75,38,1.93,0,11.0,1.97,20,11.0,3.3,29.0,3.05,15.0,2.0,1.42,1.22,12.61,10.5,6
4,2.06,3,1.83,H,D,3.6,4.2,1.84,3.9,4,Ath Madrid,1.92,Barcelona,SP1,1,0,4.52,8,4,3.75,5,1.83,4.2,0,11,4.5,4.33,4.0,3.67,4.5,3.8,14,17/05/14,3.6,1,52,1.87,0,3.8,3.8,47,2.01,1,1.85,1.89,12,1.83,1.95,25.0,1.87,1.95,-0.5,2.02,3.5,1.84,1.9,11
3,2.18,0,1.1,H,H,10.0,26.0,1.77,21.0,6,Elche,1.29,Barcelona,SP1,3,1,36.0,1,1,11.0,0,1.1,21.0,0,11,21.0,21.0,14.01,10.13,36.0,9.0,13,24/08/14,10.0,1,49,1.06,0,8.0,8.75,35,2.1,0,1.1,1.89,3,1.1,3.85,27.0,3.48,1.12,-2.5,1.31,20.0,1.09,1.1,12
3,2.13,8,5.0,D,A,4.2,1.6,1.82,1.6,0,Barcelona,1.55,Villarreal,SP1,0,0,1.66,10,2,4.4,0,5.75,1.6,0,12,1.57,1.53,4.5,4.13,1.62,4.2,9,31/08/14,4.33,0,49,5.5,0,4.1,3.75,36,2.05,1,5.0,1.92,20,5.5,2.62,26.0,2.4,5.8,1.0,1.64,1.55,5.31,5.3,9
5,2.0,2,1.33,D,H,4.5,9.19,1.93,8.5,8,Ath Bilbao,1.43,Barcelona,SP1,2,0,11.0,1,1,5.75,1,1.33,10.0,0,12,8.5,9.0,6.0,5.42,8.5,5.5,11,13/09/14,5.5,0,45,1.36,0,5.0,5.0,36,1.93,0,1.3,2.0,3,1.3,3.05,28.0,2.73,1.37,-1.5,1.48,7.8,1.32,1.33,15
3,1.87,8,15.0,A,A,6.0,1.18,2.06,1.22,2,Barcelona,1.44,Levante,SP1,0,1,1.22,6,2,7.5,1,14.0,1.2,2,13,1.18,1.2,8.4,7.24,1.2,7.5,11,21/09/14,6.5,0,46,17.0,0,5.5,6.75,38,1.81,5,15.0,2.16,17,13.0,2.98,24.0,2.71,19.62,2.0,1.47,1.22,15.43,12.0,9
2,2.09,0,9.0,D,D,4.5,1.35,1.84,1.36,2,Barcelona,1.54,Malaga,SP1,0,0,1.38,8,2,5.25,2,8.25,1.36,0,15,1.33,1.36,5.6,5.05,1.36,5.0,13,24/09/14,5.0,0,44,9.0,0,5.0,4.75,35,2.02,0,9.0,1.94,10,8.0,2.64,27.0,2.43,10.5,1.5,1.59,1.3,8.85,9.0,6
8,1.83,1,1.14,H,H,7.0,21.73,2.07,16.0,12,Granada,1.38,Barcelona,SP1,6,0,30.0,1,3,10.0,1,1.14,21.0,0,11,17.0,19.0,10.17,8.66,29.0,8.5,11,27/09/14,8.5,3,47,1.12,0,8.0,7.5,38,1.79,0,1.13,2.18,9,1.12,3.15,26.0,2.94,1.15,-2.5,1.45,16.0,1.12,1.12,19
6,1.77,7,10.0,A,A,5.0,1.27,2.14,1.3,4,Barcelona,1.38,Vallecano,SP1,0,2,1.31,7,2,6.5,2,8.75,1.3,2,19,1.25,1.28,6.7,5.96,1.29,6.5,7,04/10/14,6.0,0,44,11.5,0,5.0,5.5,35,1.74,2,9.0,2.21,18,10.0,3.25,25.0,2.94,12.0,1.5,1.41,1.3,10.3,9.0,14
12,2.08,2,1.12,D,H,8.0,26.31,1.87,23.0,12,Eibar,1.33,Barcelona,SP1,3,0,36.0,3,2,10.0,2,1.12,21.0,0,9,21.0,26.0,13.0,9.71,34.0,9.0,13,18/10/14,10.0,0,46,1.11,0,8.0,7.75,36,1.99,0,1.1,1.91,4,1.09,3.55,28.0,3.25,1.12,-2.5,1.37,20.0,1.1,1.1,27
3,1.86,5,2.38,D,H,3.4,2.92,2.06,2.9,6,Barcelona,1.49,Real Madrid,SP1,3,0,3.2,9,4,3.8,2,2.4,2.88,1,11,3.0,2.9,3.8,3.56,2.9,3.75,10,25/10/14,3.6,1,45,2.38,0,3.3,3.6,39,1.82,1,2.38,2.11,16,2.3,2.86,26.0,2.57,2.44,-0.25,1.54,3.1,2.34,2.2,18
9,1.96,4,1.14,D,A,7.0,19.57,1.99,19.0,9,Celta,1.27,Barcelona,SP1,0,0,24.0,5,2,9.0,1,1.11,21.0,0,10,17.0,17.0,10.5,8.58,23.0,8.5,29,01/11/14,8.5,0,46,1.15,0,7.0,8.25,39,1.87,1,1.13,2.06,10,1.15,4.1,29.0,3.66,1.15,-2.5,1.32,15.0,1.13,1.15,19
4,1.81,6,15.0,H,A,6.0,1.17,2.12,1.2,2,Barcelona,1.34,Almeria,SP1,1,0,1.2,5,0,8.0,2,12.5,1.2,0,16,1.14,1.18,8.42,7.32,1.18,7.5,9,08/11/14,7.0,1,44,20.0,0,6.0,6.5,37,1.76,2,17.0,2.24,18,13.0,3.5,25.0,3.18,21.0,2.0,1.4,1.2,16.78,12.5,6
5,1.94,0,1.25,H,H,5.5,11.98,2.0,9.5,10,Sevilla,1.33,Barcelona,SP1,5,0,14.5,4,2,6.5,1,1.25,12.0,0,8,11.0,10.0,7.5,6.53,13.0,7.0,21,22/11/14,6.5,1,47,1.22,0,6.0,6.25,33,1.87,1,1.2,2.05,2,1.25,3.5,30.0,3.22,1.3,-2.0,1.37,11.0,1.23,1.22,16
5,1.93,1,6.0,D,A,3.8,1.54,2.0,1.57,4,Barcelona,1.51,Valencia,SP1,0,0,1.6,5,3,4.33,3,5.5,1.57,0,9,1.53,1.57,4.75,4.3,1.53,4.33,7,30/11/14,4.2,0,47,6.25,0,4.0,4.0,37,1.87,1,6.0,2.08,7,5.5,2.88,30.0,2.5,6.6,1.0,1.56,1.55,5.81,5.5,12
5,1.93,2,1.1,D,H,9.0,25.87,1.99,19.0,7,Espanol,1.29,Barcelona,SP1,5,0,41.0,2,4,12.0,0,1.1,26.0,1,6,21.0,23.0,17.0,11.13,34.0,12.0,11,07/12/14,10.0,1,46,1.06,0,8.0,9.0,38,1.89,1,1.09,2.04,3,1.1,3.8,26.0,3.5,1.12,-2.75,1.32,16.0,1.09,1.12,15
4,1.98,2,15.0,D,D,5.5,1.21,1.93,1.22,2,Barcelona,1.44,Getafe,SP1,0,0,1.24,5,0,7.0,2,10.0,1.22,0,24,1.22,1.2,7.5,6.59,1.2,6.5,8,13/12/14,6.5,0,47,18.0,0,6.0,6.5,37,1.94,0,13.0,1.98,23,13.0,2.96,30.0,2.7,18.0,2.0,1.49,1.22,14.1,11.0,4
8,1.97,2,1.07,H,H,11.0,33.6,1.95,23.0,9,Cordoba,1.19,Barcelona,SP1,5,0,52.0,0,0,13.0,1,1.07,34.0,0,14,26.0,34.0,19.8,14.24,51.0,15.0,5,20/12/14,13.0,1,46,1.04,0,9.5,13.0,37,1.92,0,1.06,2.0,7,1.05,5.1,25.0,4.43,1.08,-3.25,1.22,22.0,1.05,1.07,16
6,2.02,4,9.0,H,H,5.0,1.33,1.93,1.36,1,Barcelona,1.51,Sociedad,SP1,1,0,1.37,8,4,5.25,5,7.25,1.33,0,21,1.33,1.33,6.2,5.19,1.33,5.25,14,04/01/15,5.25,1,47,9.5,0,4.6,5.0,37,1.93,0,9.0,2.0,17,8.5,2.64,31.0,2.52,11.0,1.5,1.58,1.37,9.31,7.5,6
1,1.9,3,1.62,H,H,3.6,5.91,2.0,5.0,7,Ath Madrid,1.88,Barcelona,SP1,3,0,6.48,3,6,4.2,3,1.6,6.0,0,16,5.5,5.5,4.33,3.94,6.25,4.33,18,11/01/15,4.0,2,46,1.6,0,3.9,4.1,43,1.85,1,1.57,2.12,5,1.61,2.02,28.0,1.91,1.63,-1.0,1.98,5.0,1.58,1.6,17
2,1.96,6,15.0,A,A,6.0,1.18,1.96,1.2,2,Barcelona,1.46,La Coruna,SP1,0,0,1.22,4,2,7.5,2,13.0,1.2,2,14,1.18,1.18,8.2,7.1,1.2,7.5,7,18/01/15,7.0,0,48,19.0,0,5.5,6.25,39,1.9,4,15.0,2.05,14,15.0,2.85,32.0,2.63,21.0,2.0,1.51,1.22,15.61,12.0,7
2,1.85,8,17.0,A,A,6.0,1.17,2.07,1.18,3,Barcelona,1.43,Elche,SP1,0,1,1.2,3,2,8.0,5,15.5,1.2,1,18,1.17,1.18,8.4,7.16,1.17,7.0,12,24/01/15,7.5,0,51,22.0,0,6.5,6.5,40,1.79,6,19.0,2.22,12,15.0,2.92,32.0,2.74,22.0,2.0,1.48,1.17,17.27,14.0,6
8,1.88,3,1.22,D,H,5.5,12.92,2.02,10.5,7,Villarreal,1.38,Barcelona,SP1,3,0,16.0,2,2,7.0,1,1.22,15.0,1,10,13.0,11.0,7.58,6.61,13.0,7.0,20,01/02/15,6.5,1,50,1.22,0,6.0,6.5,39,1.83,2,1.2,2.16,9,1.22,3.2,32.0,2.92,1.25,-2.0,1.42,9.0,1.21,1.25,19
4,2.05,11,8.0,A,A,5.0,1.34,1.87,1.35,6,Barcelona,1.57,Ath Bilbao,SP1,2,1,1.38,4,1,5.5,3,7.75,1.36,2,15,1.33,1.36,5.9,5.17,1.33,5.25,10,08/02/15,5.0,0,51,10.0,0,4.8,5.0,40,1.98,5,9.0,1.94,19,8.5,2.65,33.0,2.35,10.0,1.5,1.64,1.33,8.69,8.3,15
3,1.86,1,1.07,H,H,11.0,33.7,2.03,26.0,10,Levante,1.17,Barcelona,SP1,5,0,52.0,4,2,22.0,1,1.05,34.0,0,6,34.0,34.0,22.25,14.41,51.0,15.0,13,15/02/15,13.0,2,49,1.04,0,11.0,12.0,40,1.79,0,1.05,2.1,5,1.05,5.8,28.0,4.79,1.07,-3.5,1.23,25.0,1.05,1.05,18
11,2.12,3,1.11,A,A,8.5,24.41,1.82,21.0,5,Malaga,1.28,Barcelona,SP1,0,0,34.0,3,3,11.5,4,1.11,21.0,1,9,21.0,21.0,12.38,9.7,34.0,10.0,11,21/02/15,9.5,0,50,1.1,0,8.0,8.25,39,2.02,1,1.11,1.87,11,1.11,3.9,32.0,3.54,1.15,-2.5,1.31,16.0,1.1,1.12,11
4,1.85,9,19.0,A,A,6.5,1.16,2.06,1.17,4,Barcelona,1.46,Granada,SP1,1,0,1.2,5,3,8.0,2,16.5,1.17,1,18,1.17,1.18,9.5,7.32,1.17,7.5,9,28/02/15,7.0,0,48,23.0,0,6.5,6.75,40,1.79,3,17.0,2.18,16,13.0,3.05,27.0,2.64,23.0,2.0,1.5,1.17,17.72,14.0,10
4,1.9,3,1.08,H,H,10.0,30.37,1.97,23.0,12,Vallecano,1.15,Barcelona,SP1,6,1,41.0,1,2,18.0,3,1.07,34.0,0,13,34.0,29.0,19.75,13.93,41.0,15.0,11,08/03/15,13.0,1,47,1.05,1,8.0,11.0,41,1.85,1,1.05,2.07,7,1.05,6.0,24.0,5.2,1.1,-3.25,1.2,20.0,1.06,1.1,19
6,1.74,4,21.0,A,A,8.0,1.14,2.19,1.14,2,Barcelona,1.43,Eibar,SP1,0,0,1.16,3,0,8.5,1,16.5,1.14,1,14,1.14,1.12,9.5,8.14,1.15,8.5,3,14/03/15,8.0,0,47,26.0,0,7.0,7.5,39,1.69,2,19.0,2.3,12,19.0,3.0,26.0,2.73,26.0,2.0,1.48,1.15,20.38,15.0,13
7,1.88,4,1.67,D,H,4.33,4.6,2.08,4.5,5,Real Madrid,1.39,Barcelona,SP1,2,0,5.0,10,6,4.5,5,1.7,4.33,1,9,4.5,4.33,4.54,4.24,4.8,4.5,14,22/03/15,4.2,1,48,1.67,0,3.8,4.33,40,1.78,1,1.67,2.18,13,1.7,3.1,27.0,2.99,1.85,-1.0,1.44,4.5,1.67,1.75,17
4,2.21,3,8.0,D,A,4.5,1.4,1.75,1.4,1,Barcelona,1.46,Celta,SP1,0,1,1.45,3,2,5.0,2,8.0,1.4,0,26,1.4,1.44,5.5,4.86,1.44,5.0,12,05/04/15,4.75,0,49,8.0,0,4.7,5.0,40,2.12,1,7.5,1.82,12,7.0,2.8,31.0,2.63,8.4,1.5,1.52,1.35,7.43,8.0,7
14,1.98,3,1.05,H,H,15.0,42.74,1.99,51.0,12,Almeria,1.15,Barcelona,SP1,4,0,67.0,5,1,15.0,1,1.05,41.0,0,9,41.0,41.0,26.0,14.17,51.0,13.0,14,08/04/15,15.0,1,44,1.06,0,11.0,15.5,38,1.84,0,1.05,2.04,6,1.05,6.0,25.0,5.21,1.06,-3.5,1.19,25.0,1.05,1.05,19
2,2.08,7,5.0,A,D,4.2,1.6,1.84,1.6,2,Barcelona,1.42,Sevilla,SP1,2,0,1.7,4,2,4.6,5,5.0,1.62,2,23,1.55,1.62,4.7,4.35,1.65,4.5,9,11/04/15,4.5,1,50,5.0,0,3.9,4.6,40,2.0,2,5.0,1.94,17,4.75,3.0,32.0,2.79,5.5,1.0,1.47,1.6,5.0,5.0,11
6,1.91,3,1.25,H,H,5.5,12.7,1.99,13.5,5,Valencia,1.37,Barcelona,SP1,2,0,15.0,3,4,7.0,4,1.22,13.0,0,18,12.0,11.0,7.5,6.6,15.0,7.0,17,18/04/15,6.5,1,49,1.22,0,6.0,7.0,39,1.85,0,1.22,2.07,11,1.22,3.25,30.0,3.01,1.25,-2.0,1.4,9.0,1.21,1.25,11
5,1.83,5,11.0,A,A,5.0,1.26,2.12,1.28,2,Barcelona,1.49,Espanol,SP1,0,1,1.31,3,1,6.5,5,10.5,1.3,2,21,1.25,1.29,6.9,5.91,1.25,6.0,12,25/04/15,5.5,0,48,12.0,1,5.0,6.25,40,1.74,2,12.0,2.21,12,10.0,2.7,29.0,2.56,13.0,1.5,1.55,1.3,10.95,9.0,7
5,1.92,3,1.05,H,H,13.0,39.44,2.01,41.0,12,Getafe,1.22,Barcelona,SP1,6,0,67.0,6,0,23.0,0,1.05,34.0,0,11,41.0,41.0,25.0,17.51,67.0,17.0,5,28/04/15,17.0,5,46,1.03,0,11.0,16.0,34,1.85,0,1.04,2.07,7,1.04,4.85,28.0,4.14,1.06,-3.5,1.25,25.0,1.04,1.05,21
5,1.9,11,26.0,A,A,9.0,1.09,2.02,1.1,1,Barcelona,1.33,Cordoba,SP1,0,0,1.1,8,0,13.0,2,34.0,1.1,2,11,1.08,1.1,14.0,10.65,1.08,11.0,3,02/05/15,10.0,0,47,36.0,0,8.0,10.0,38,1.84,8,26.0,2.16,27,26.0,3.45,31.0,3.23,39.17,2.5,1.36,1.1,29.08,20.0,5
10,2.2,1,1.05,D,H,11.0,36.14,1.79,41.0,8,Sociedad,1.17,Barcelona,SP1,2,0,57.0,3,5,19.0,1,1.06,34.0,0,9,34.0,29.0,21.0,14.49,41.0,15.0,13,09/05/15,13.0,0,49,1.06,0,9.5,13.0,39,2.07,0,1.05,1.86,5,1.06,5.5,30.0,4.72,1.08,-3.0,1.2,22.0,1.05,1.07,15
6,2.03,5,5.0,D,A,3.5,1.74,1.87,1.75,3,Barcelona,1.88,Ath Madrid,SP1,0,0,1.85,5,3,3.9,5,4.75,1.75,0,23,1.75,1.73,3.96,3.68,1.8,3.6,7,17/05/15,3.75,0,45,4.8,0,3.5,3.9,44,1.98,1,4.75,1.98,15,4.5,2.08,27.0,1.92,5.5,0.75,1.97,1.75,4.75,4.5,10
4,2.01,2,1.29,H,D,5.5,10.18,1.89,11.0,7,La Coruna,1.29,Barcelona,SP1,2,0,11.5,4,3,6.5,1,1.26,10.0,0,6,11.0,9.5,7.0,6.05,10.5,6.0,9,23/05/15,6.0,1,41,1.29,0,5.0,6.25,37,1.96,2,1.25,1.93,10,1.29,3.8,24.0,3.43,1.3,-1.75,1.34,9.0,1.26,1.3,18
2,1.87,4,7.0,D,A,3.8,1.49,2.03,1.5,2,Barcelona,1.6,Ath Bilbao,SP1,0,0,1.57,4,3,4.6,3,6.0,1.53,0,16,1.5,1.53,4.8,4.33,1.53,4.33,11,23/08/15,4.33,0,41,6.5,0,4.0,4.2,33,1.81,1,6.5,2.12,10,6.5,2.38,27.0,2.27,7.4,1.0,1.66,1.57,6.6,5.2,8
15,1.92,1,1.14,D,H,7.5,24.11,1.99,16.5,13,Malaga,1.37,Barcelona,SP1,1,0,51.0,2,3,10.0,0,1.13,19.0,0,4,26.0,19.0,10.0,8.96,31.0,10.0,21,29/08/15,8.5,0,36,1.12,0,7.0,7.75,35,1.85,0,1.1,2.05,4,1.12,3.25,25.0,3.0,1.15,-2.5,1.4,15.0,1.11,1.15,22
1,2.0,5,3.3,D,A,3.2,2.26,1.91,2.3,3,Barcelona,2.13,Ath Madrid,SP1,1,0,2.32,10,1,3.5,3,3.3,2.25,0,17,2.3,2.2,3.5,3.28,2.3,3.2,5,12/09/15,3.4,0,36,3.3,0,3.2,3.3,31,1.93,2,3.3,1.96,13,3.4,1.75,23.0,1.7,3.42,0.25,2.25,2.3,3.27,3.0,11
4,2.1,4,1.08,D,H,11.0,32.5,1.89,26.0,8,Levante,1.21,Barcelona,SP1,4,0,61.0,4,1,15.0,0,1.07,34.0,0,8,29.0,41.0,17.41,13.76,36.0,12.0,16,20/09/15,15.0,0,39,1.07,0,9.5,10.5,29,1.97,1,1.06,1.98,11,1.06,4.75,24.0,4.27,1.08,-3.0,1.23,22.0,1.06,1.07,21
5,1.87,7,6.0,H,H,4.5,1.51,2.02,1.55,5,Barcelona,1.48,Celta,SP1,4,0,1.55,10,2,4.8,2,6.0,1.5,0,19,1.5,1.53,4.85,4.42,1.53,4.5,4,23/09/15,4.33,2,40,6.0,0,4.2,4.2,33,1.83,1,6.5,2.08,18,6.0,2.81,26.0,2.6,6.5,1.0,1.55,1.55,5.96,5.2,18
3,2.0,6,1.1,H,H,9.0,24.93,1.93,21.0,6,Las Palmas,1.25,Barcelona,SP1,2,0,37.07,4,4,13.0,2,1.09,26.0,0,12,26.0,26.0,13.0,10.79,36.0,11.0,23,26/09/15,11.0,1,41,1.07,0,8.0,11.5,34,1.93,1,1.08,1.98,10,1.1,4.33,24.0,3.81,1.11,-2.75,1.29,20.0,1.09,1.1,18
7,1.93,9,4.33,D,H,3.1,1.88,2.0,1.9,5,Barcelona,1.63,Sevilla,SP1,2,0,2.0,9,3,3.9,5,4.2,1.95,0,16,1.91,1.85,3.94,3.68,1.91,3.6,16,03/10/15,3.8,0,43,4.1,0,3.4,3.5,35,1.86,1,4.0,2.06,28,3.8,2.36,24.0,2.25,4.33,0.5,1.71,2.0,3.96,3.5,12
7,1.89,8,1.17,H,H,7.0,16.07,2.02,13.5,9,Vallecano,1.25,Barcelona,SP1,5,0,19.35,10,2,9.5,1,1.17,17.0,1,8,15.0,17.0,9.91,8.42,19.0,9.0,15,17/10/15,8.5,2,44,1.15,0,6.5,8.25,36,1.84,2,1.14,2.07,22,1.14,4.4,27.0,3.83,1.18,-2.5,1.3,14.0,1.15,1.17,14
6,2.05,5,1.14,D,H,7.0,21.88,1.86,21.0,5,Eibar,1.3,Barcelona,SP1,3,1,31.0,2,5,11.0,3,1.11,21.0,1,14,19.0,21.0,11.54,9.33,31.0,10.0,18,25/10/15,10.0,1,41,1.11,0,8.0,9.5,35,2.0,1,1.11,1.9,7,1.11,3.75,22.0,3.48,1.14,-2.5,1.33,20.0,1.11,1.1,14
3,1.91,6,9.0,A,A,5.0,1.3,2.0,1.3,0,Barcelona,1.5,Getafe,SP1,0,0,1.33,5,0,6.0,3,8.75,1.33,1,10,1.29,1.3,6.12,5.52,1.3,5.75,3,31/10/15,5.5,0,48,11.0,0,5.0,5.5,36,1.86,2,10.0,2.07,14,9.5,2.73,30.0,2.54,12.0,1.5,1.55,1.33,9.9,8.0,6
7,1.97,2,1.36,D,H,4.5,9.36,1.93,9.0,9,Villarreal,1.53,Barcelona,SP1,3,0,10.5,2,3,5.75,5,1.33,9.0,0,12,10.0,9.5,6.0,5.3,10.0,5.5,19,08/11/15,5.25,0,45,1.33,0,6.0,5.25,33,1.92,0,1.3,2.0,5,1.3,2.6,27.0,2.46,1.36,-1.5,1.57,9.0,1.32,1.25,20
10,2.12,7,2.5,A,A,3.3,2.79,1.8,2.8,7,Barcelona,1.49,Real Madrid,SP1,0,1,2.91,4,2,3.75,3,2.5,2.8,2,13,2.8,2.8,3.75,3.59,2.8,3.75,10,21/11/15,3.6,0,45,2.45,0,3.5,3.4,37,2.06,4,2.5,1.84,18,2.4,2.76,26.0,2.58,2.6,0.0,1.54,2.75,2.44,2.4,13
6,2.07,2,1.08,H,H,11.0,27.81,1.84,29.0,6,Sociedad,1.23,Barcelona,SP1,4,0,35.22,4,5,15.0,0,1.08,34.0,0,11,23.0,19.0,15.34,12.0,34.0,13.0,14,28/11/15,8.5,2,51,1.06,0,8.0,11.5,35,2.02,0,1.07,1.89,10,1.08,4.4,29.0,4.01,1.1,-2.75,1.27,20.0,1.07,1.1,11
0,1.87,5,9.0,D,D,5.5,1.31,2.03,1.3,3,Barcelona,1.4,Valencia,SP1,1,0,1.33,6,1,5.5,3,10.0,1.3,0,13,1.3,1.3,6.05,5.57,1.33,6.0,15,05/12/15,5.75,0,50,10.0,0,4.8,5.5,36,1.83,1,9.0,2.09,16,9.0,3.1,29.0,2.88,10.05,1.5,1.44,1.33,9.26,8.3,10
6,1.89,4,1.08,H,D,11.0,26.87,2.05,26.0,7,La Coruna,1.24,Barcelona,SP1,2,0,34.0,2,2,15.0,0,1.08,26.0,0,4,26.0,34.0,16.0,12.18,29.0,13.0,11,12/12/15,13.0,1,49,1.06,0,8.0,12.0,38,1.82,2,1.07,2.12,13,1.07,4.33,29.0,3.93,1.1,-3.0,1.25,20.0,1.07,1.1,17
2,1.96,4,1.04,H,H,15.0,33.42,1.98,26.0,7,Betis,1.2,Barcelona,SP1,4,0,56.0,3,3,18.0,1,1.06,29.0,0,16,26.0,41.0,18.8,14.6,41.0,13.0,20,30/12/15,15.0,2,50,1.04,0,8.0,11.0,37,1.88,0,1.06,2.03,11,1.06,5.0,27.0,4.4,1.1,-3.25,1.22,20.0,1.05,1.1,16
6,1.9,2,13.0,D,D,6.0,1.19,2.0,1.2,1,Barcelona,1.41,Espanol,SP1,0,0,1.22,10,3,7.5,5,12.5,1.22,0,22,1.2,1.18,7.75,6.81,1.18,7.0,10,02/01/16,7.0,0,49,19.0,0,5.5,6.5,38,1.86,0,14.0,2.06,10,15.0,3.0,30.0,2.81,19.0,2.0,1.44,1.22,14.48,12.0,4
7,1.88,4,1.02,H,H,17.0,36.77,2.01,41.0,8,Granada,1.16,Barcelona,SP1,4,0,56.0,0,4,18.0,1,1.05,41.0,0,14,34.0,34.0,21.29,15.67,36.0,15.0,19,09/01/16,17.0,2,48,1.06,0,9.5,16.0,36,1.84,0,1.05,2.08,8,1.05,5.75,29.0,4.97,1.07,-3.5,1.18,22.0,1.04,1.07,17
6,1.83,3,1.15,H,H,7.5,19.69,2.08,18.5,8,Ath Bilbao,1.37,Barcelona,SP1,6,0,26.0,2,2,9.5,2,1.14,17.0,0,6,19.0,21.0,9.75,8.4,26.0,8.0,7,17/01/16,8.5,2,44,1.13,1,8.0,8.75,35,1.79,0,1.14,2.16,9,1.14,3.25,28.0,3.0,1.17,-2.5,1.41,16.0,1.14,1.12,20
4,2.07,6,8.5,D,A,4.8,1.34,1.85,1.35,9,Barcelona,1.55,Malaga,SP1,1,0,1.36,3,3,5.5,3,8.0,1.36,1,16,1.33,1.35,5.5,5.14,1.36,5.5,9,23/01/16,5.0,1,46,9.0,0,4.8,5.5,35,2.01,2,8.5,1.9,12,8.5,2.55,28.0,2.42,10.13,1.5,1.6,1.35,8.9,7.6,15
8,2.08,4,1.53,H,H,3.8,6.85,1.83,7.0,4,Ath Madrid,1.85,Barcelona,SP1,2,0,7.4,6,3,4.4,0,1.53,7.0,1,7,7.0,6.5,4.52,4.18,7.0,4.2,18,30/01/16,4.2,2,46,1.5,2,3.9,4.0,41,2.02,1,1.5,1.89,7,1.48,2.02,29.0,1.94,1.6,-1.0,1.91,5.0,1.5,1.6,10
2,1.88,4,17.0,A,A,6.0,1.18,2.01,1.2,3,Barcelona,1.41,Levante,SP1,0,0,1.22,5,3,8.0,4,13.0,1.2,1,15,1.18,1.18,8.22,7.11,1.17,7.5,10,07/02/16,7.0,0,45,19.0,0,5.8,7.0,36,1.85,2,15.0,2.08,11,15.0,3.0,26.0,2.79,19.08,2.0,1.47,1.2,15.76,13.0,11
1,1.98,4,1.1,D,H,9.0,27.82,1.94,29.0,11,Celta,1.22,Barcelona,SP1,6,0,36.0,1,4,12.0,0,1.08,26.0,1,10,26.0,34.0,15.05,11.62,26.0,11.0,16,14/02/16,12.0,1,42,1.1,0,8.0,11.0,30,1.92,1,1.08,2.0,10,1.08,4.6,25.0,4.11,1.1,-3.0,1.27,20.0,1.08,1.1,19
1,2.2,8,17.0,A,A,8.0,1.14,1.76,1.15,2,Barcelona,1.29,Sp Gijon,SP1,1,0,1.17,4,1,9.0,2,13.5,1.14,2,11,1.14,1.17,9.25,8.02,1.14,8.0,7,17/02/16,8.0,1,45,21.0,0,7.0,7.75,37,2.13,3,19.0,1.8,17,15.0,3.75,29.0,3.46,24.0,2.5,1.32,1.15,18.3,15.0,6
3,2.05,8,17.0,A,A,6.0,1.19,1.89,1.2,3,Barcelona,1.38,Las Palmas,SP1,1,0,1.22,6,2,7.5,1,14.0,1.2,2,10,1.18,1.18,7.8,6.86,1.2,7.5,13,20/02/16,7.0,1,46,15.0,0,6.5,7.0,36,1.98,2,15.0,1.98,13,15.0,3.3,30.0,2.95,19.5,2.0,1.42,1.17,15.62,14.0,16
6,2.17,4,1.2,D,H,7.0,14.24,1.78,14.0,8,Sevilla,1.26,Barcelona,SP1,2,0,17.17,7,2,8.5,3,1.18,12.0,1,13,15.0,13.0,8.68,7.53,15.0,8.0,10,28/02/16,7.5,1,43,1.18,0,5.8,7.5,37,2.09,1,1.14,1.86,11,1.18,4.0,28.0,3.75,1.2,-2.0,1.3,13.0,1.18,1.2,17
3,1.85,8,12.0,A,A,7.0,1.19,2.06,1.19,4,Barcelona,1.22,Vallecano,SP1,1,2,1.22,5,2,8.0,0,13.0,1.2,2,17,1.2,1.22,8.15,7.28,1.2,7.0,9,03/03/16,7.0,0,48,13.0,0,5.8,6.5,33,1.81,5,13.0,2.12,20,11.0,4.5,31.0,4.12,16.56,2.0,1.29,1.2,13.29,13.0,8
6,1.97,7,12.0,A,A,5.0,1.23,1.95,1.22,0,Barcelona,1.42,Eibar,SP1,0,0,1.29,2,2,6.5,3,10.0,1.29,2,18,1.25,1.25,7.1,6.2,1.25,6.5,10,06/03/16,5.75,0,44,12.0,0,5.5,6.5,34,1.92,4,10.0,2.0,9,9.0,3.05,28.0,2.79,19.0,1.75,1.45,1.22,12.3,12.0,7
5,2.06,1,1.04,H,H,15.0,31.0,1.87,23.0,9,Getafe,1.16,Barcelona,SP1,6,0,42.0,3,3,17.0,0,1.06,29.0,0,7,26.0,41.0,20.0,15.21,34.0,15.0,13,12/03/16,15.0,4,42,1.06,0,9.5,12.5,31,2.01,0,1.06,1.92,6,1.06,5.75,23.0,5.06,1.07,-3.25,1.18,22.0,1.05,1.07,16
4,2.05,6,9.0,A,D,5.0,1.34,1.87,1.34,6,Barcelona,1.57,Villarreal,SP1,2,0,1.38,4,4,5.5,8,8.75,1.33,2,17,1.33,1.36,5.5,5.08,1.33,5.25,9,20/03/16,5.0,0,46,10.0,0,5.2,4.75,33,1.99,2,8.5,1.99,15,8.5,2.5,31.0,2.35,10.0,1.5,1.64,1.27,9.18,10.0,15
4,1.95,6,1.62,D,A,4.4,5.12,1.95,5.0,3,Real Madrid,1.33,Barcelona,SP1,1,0,5.75,3,2,4.6,3,1.57,5.0,0,17,5.5,5.5,4.66,4.44,5.0,4.5,15,02/04/16,4.33,0,45,1.6,1,4.0,4.33,38,1.91,2,1.57,2.0,14,1.62,3.5,31.0,3.26,1.63,-1.0,1.38,5.0,1.59,1.6,14
5,1.9,6,5.5,H,H,4.33,1.51,2.01,1.5,1,Barcelona,1.62,Sociedad,SP1,1,0,1.58,9,3,4.4,1,5.75,1.55,0,14,1.5,1.53,4.65,4.3,1.53,4.33,13,09/04/16,4.2,1,46,6.5,0,4.0,4.33,34,1.85,0,6.0,2.06,13,6.0,2.39,31.0,2.26,6.75,1.0,1.68,1.55,6.21,5.5,5
7,2.0,2,1.12,A,A,8.5,15.99,1.9,15.0,7,Valencia,1.24,Barcelona,SP1,1,0,19.0,2,3,9.5,3,1.14,19.0,2,12,17.0,15.0,9.5,8.39,17.0,9.0,15,17/04/16,8.0,0,47,1.15,0,7.0,8.0,35,1.96,2,1.14,1.95,7,1.17,4.33,27.0,3.86,1.18,-2.25,1.29,15.0,1.15,1.15,22
6,1.96,10,12.0,A,A,7.0,1.21,1.95,1.22,5,Barcelona,1.33,La Coruna,SP1,0,0,1.3,2,0,7.5,1,10.5,1.2,2,11,1.2,1.2,7.75,6.96,1.2,7.0,8,20/04/16,7.0,0,49,15.0,0,5.0,6.5,33,1.91,8,13.0,2.0,19,13.0,3.6,32.0,3.22,15.6,2.0,1.4,1.3,12.86,9.0,16
6,2.1,3,1.05,H,H,17.0,33.53,1.85,29.0,10,Sp Gijon,1.13,Barcelona,SP1,6,0,45.0,1,2,17.0,0,1.04,41.0,0,11,34.0,26.0,33.0,18.44,36.0,17.0,11,23/04/16,15.0,1,41,1.05,1,11.0,13.5,33,2.01,0,1.04,1.9,5,1.05,7.0,28.0,5.78,1.06,-3.5,1.16,25.0,1.04,1.05,24
2,1.97,4,21.0,D,A,7.0,1.12,1.94,1.12,1,Barcelona,1.23,Betis,SP1,0,1,1.21,4,3,11.0,3,19.0,1.14,0,9,1.13,1.13,11.0,9.15,1.12,9.0,11,30/04/16,9.5,0,44,23.0,0,7.0,9.5,33,1.93,2,21.0,1.98,11,19.0,4.33,29.0,3.97,25.51,2.5,1.27,1.15,20.8,15.0,2
8,2.08,1,1.05,H,H,13.0,38.17,1.84,31.0,7,Espanol,1.11,Barcelona,SP1,5,0,55.0,0,7,26.0,2,1.03,34.0,0,13,41.0,51.0,30.0,18.64,46.0,17.0,25,08/05/16,19.0,1,46,1.03,0,11.0,19.5,30,2.02,0,1.04,1.9,4,1.05,7.0,28.0,6.22,1.05,-3.5,1.14,25.0,1.03,1.05,13
5,1.96,10,17.0,A,A,9.5,1.09,1.94,1.1,2,Barcelona,1.2,Granada,SP1,0,0,1.18,6,2,13.0,5,21.0,1.08,2,12,1.08,1.1,13.84,10.79,1.08,11.0,10,14/05/16,11.0,0,50,31.0,0,8.0,9.0,32,1.92,3,26.0,2.0,12,23.0,4.7,30.0,4.3,32.0,2.75,1.22,1.1,24.88,20.0,8
10,2.15,2,1.1,H,H,8.0,26.95,1.78,23.0,12,Betis,1.29,Barcelona,SP1,6,0,34.0,2,3,13.0,1,1.09,26.0,1,17,29.0,29.0,13.25,10.4,31.0,11.0,13,20/08/16,11.0,3,57,1.07,0,8.0,11.0,36,2.08,2,1.08,1.87,6,1.09,3.8,34.0,3.52,1.15,-2.5,1.31,20.0,1.09,1.1,30
4,1.9,3,6.0,A,A,4.33,1.52,2.0,1.5,4,Barcelona,1.56,Ath Bilbao,SP1,0,0,1.6,4,4,4.6,5,6.5,1.5,1,20,1.5,1.53,4.9,4.41,1.5,4.33,13,28/08/16,4.33,0,53,6.0,0,4.5,4.33,38,1.85,1,6.5,2.06,12,5.75,2.55,33.0,2.35,6.7,1.0,1.64,1.45,6.09,6.0,9
13,2.35,4,1.08,A,A,11.0,32.36,1.66,36.0,2,Alaves,1.26,Barcelona,SP1,1,0,46.0,0,1,13.0,1,1.07,26.0,1,12,34.0,34.0,14.5,11.58,36.0,12.0,12,10/09/16,12.0,0,56,1.06,0,9.0,11.5,37,2.25,2,1.07,1.7,5,1.08,4.1,29.0,3.74,1.14,-2.5,1.3,22.0,1.07,1.08,16
2,1.96,7,17.0,A,A,6.0,1.19,1.94,1.19,6,Barcelona,1.45,Leganes,SP1,1,0,1.25,5,2,7.5,4,13.5,1.2,3,28,1.18,1.18,7.9,6.95,1.18,7.0,7,17/09/16,7.0,0,56,19.0,0,6.0,6.5,36,1.9,5,17.0,2.0,10,15.0,2.8,33.0,2.66,19.0,2.0,1.5,1.2,15.73,12.5,15
8,1.86,4,1.62,H,D,3.8,5.5,2.05,5.5,7,Ath Madrid,1.78,Barcelona,SP1,1,0,6.02,2,4,4.2,2,1.62,5.5,0,14,5.5,5.5,4.22,4.0,5.75,4.0,17,21/09/16,3.8,1,56,1.62,0,4.0,4.0,43,1.8,1,1.6,2.15,9,1.6,2.09,34.0,2.01,1.68,-1.0,1.85,5.5,1.62,1.6,19
4,2.38,7,10.0,A,A,6.0,1.27,1.64,1.26,3,Barcelona,1.48,Sp Gijon,SP1,0,1,1.33,3,0,6.25,1,11.5,1.29,2,15,1.22,1.29,6.5,5.9,1.29,6.5,10,24/09/16,5.75,0,54,11.0,0,5.5,5.75,36,2.3,5,13.0,1.68,13,10.0,2.75,33.0,2.58,13.0,2.0,1.53,1.3,10.97,9.5,10
3,1.69,4,8.0,H,H,4.5,1.42,2.3,1.4,9,Barcelona,1.55,Celta,SP1,4,0,1.49,6,3,5.0,1,7.0,1.44,0,16,1.4,1.4,5.09,4.71,1.4,4.75,11,02/10/16,4.75,3,55,7.5,0,4.8,4.75,41,1.64,3,8.0,2.38,13,6.5,2.55,33.0,2.42,8.1,1.0,1.62,1.4,7.48,7.5,14
8,2.01,0,1.11,H,H,10.0,23.41,1.89,23.0,8,La Coruna,1.3,Barcelona,SP1,4,0,30.0,2,2,11.0,1,1.11,23.0,0,5,26.0,26.0,11.66,9.63,23.0,10.0,15,15/10/16,10.0,3,48,1.12,1,9.0,9.5,41,1.96,0,1.1,1.95,7,1.11,3.78,27.0,3.45,1.17,-2.5,1.36,20.0,1.11,1.12,25
3,1.7,8,7.0,A,A,5.0,1.43,2.27,1.42,4,Barcelona,1.4,Valencia,SP1,2,0,1.51,1,4,5.25,5,7.25,1.44,1,15,1.4,1.44,5.26,4.9,1.44,5.25,13,22/10/16,4.75,0,54,7.0,0,4.5,5.25,38,1.66,3,7.0,2.4,15,6.0,2.85,32.0,2.8,7.67,1.0,1.44,1.45,6.79,7.0,7
8,2.0,0,1.05,D,H,17.0,40.93,1.92,36.0,5,Granada,1.13,Barcelona,SP1,1,0,61.0,1,4,17.0,1,1.04,34.0,0,7,34.0,51.0,20.94,15.65,34.0,17.0,17,29/10/16,19.0,0,56,1.06,0,13.0,16.0,39,1.94,0,1.05,2.04,1,1.05,6.75,25.0,5.65,1.11,-3.5,1.17,36.0,1.05,1.05,15
3,2.08,7,5.5,D,A,4.4,1.64,1.84,1.62,4,Barcelona,1.39,Sevilla,SP1,1,0,1.75,5,6,4.5,4,5.0,1.53,1,18,1.62,1.62,4.51,4.31,1.62,4.2,12,06/11/16,4.33,1,50,4.8,0,3.8,4.33,37,2.01,2,5.25,1.88,14,4.5,3.1,33.0,2.9,5.5,1.0,1.45,1.65,4.89,5.3,15
14,1.91,1,1.14,D,D,8.5,20.74,2.0,21.0,8,Malaga,1.28,Barcelona,SP1,0,0,25.0,1,2,10.0,0,1.12,21.0,0,13,21.0,21.0,10.68,9.08,21.0,9.0,12,19/11/16,9.0,0,52,1.13,2,9.0,9.0,42,1.86,0,1.13,2.08,4,1.13,3.85,33.0,3.54,1.16,-2.5,1.32,20.0,1.13,1.12,28
8,1.8,2,6.5,D,D,4.5,1.48,2.13,1.5,6,Barcelona,1.51,Sociedad,SP1,1,0,1.6,6,4,4.8,2,6.25,1.5,0,16,1.44,1.5,4.85,4.63,1.45,4.75,11,27/11/16,4.5,0,49,6.5,0,4.2,4.4,37,1.74,1,7.0,2.21,10,6.0,2.62,29.0,2.51,7.02,1.0,1.55,1.6,6.36,5.2,17
5,1.62,5,1.85,D,D,4.0,3.92,2.41,4.0,2,Real Madrid,1.4,Barcelona,SP1,1,0,4.2,7,2,4.2,4,1.87,4.0,0,19,4.2,4.0,4.25,4.02,4.0,4.2,16,03/12/16,4.0,0,47,1.85,0,3.8,4.1,32,1.59,1,1.85,2.5,14,1.85,3.0,26.0,2.86,1.93,-1.0,1.45,4.0,1.85,1.85,11
2,1.92,6,17.0,D,A,7.0,1.19,2.04,1.2,1,Barcelona,1.36,Osasuna,SP1,0,0,1.25,5,0,7.5,3,13.0,1.2,0,18,1.18,1.18,8.52,7.26,1.18,7.5,6,10/12/16,7.5,0,49,17.0,0,6.0,7.25,39,1.82,3,15.0,2.12,17,15.0,3.32,26.0,3.06,18.5,2.0,1.4,1.25,15.39,11.0,4
5,2.02,1,1.1,H,H,11.0,24.66,1.88,21.0,7,Espanol,1.33,Barcelona,SP1,4,0,29.71,2,3,11.5,0,1.1,26.0,0,11,26.0,29.0,12.38,10.21,21.0,10.0,16,18/12/16,10.0,1,49,1.09,0,7.5,11.0,32,1.97,1,1.1,1.93,4,1.11,3.4,27.0,3.23,1.17,-2.5,1.38,15.0,1.1,1.17,14
2,1.96,7,6.0,D,D,4.2,1.54,1.95,1.5,3,Barcelona,1.61,Villarreal,SP1,1,1,1.59,4,2,4.5,1,6.0,1.57,0,16,1.53,1.55,4.66,4.37,1.53,4.33,13,08/01/17,4.2,0,50,5.75,0,4.0,4.6,47,1.89,1,6.0,2.04,20,5.5,2.42,27.0,2.3,6.25,1.0,1.67,1.55,5.86,6.2,6
5,2.14,1,1.11,H,H,10.0,23.5,1.78,19.0,10,Las Palmas,1.21,Barcelona,SP1,5,0,29.0,1,4,11.5,3,1.1,26.0,0,15,26.0,23.0,13.22,10.84,29.0,11.0,11,14/01/17,10.0,1,49,1.1,0,12.0,11.0,34,2.08,0,1.1,1.82,7,1.11,4.95,26.0,4.29,1.14,-2.5,1.25,26.0,1.1,1.07,22
8,1.92,7,11.0,A,A,5.5,1.3,2.0,1.26,6,Barcelona,1.43,Eibar,SP1,0,0,1.35,5,1,5.75,3,11.0,1.3,1,12,1.29,1.3,6.14,5.79,1.3,6.0,4,22/01/17,5.5,0,50,9.0,0,6.0,6.0,37,1.85,4,9.5,2.07,14,9.0,3.0,26.0,2.77,11.25,1.5,1.47,1.25,9.71,11.0,14
8,1.83,4,12.0,D,D,6.5,1.26,2.11,1.25,7,Barcelona,1.4,Betis,SP1,1,0,1.3,2,3,6.5,2,12.5,1.25,0,17,1.25,1.25,6.5,6.08,1.25,6.0,12,29/01/17,6.0,0,49,11.5,0,6.0,5.75,36,1.76,1,12.0,2.15,10,11.0,3.1,22.0,2.85,13.37,1.75,1.46,1.25,11.49,11.0,17
7,1.88,5,1.25,H,H,6.0,11.97,2.02,11.5,6,Ath Bilbao,1.32,Barcelona,SP1,3,0,13.01,3,3,6.5,1,1.22,13.0,0,11,13.0,12.0,7.19,6.56,13.0,6.5,18,04/02/17,6.5,2,44,1.22,0,6.0,6.75,31,1.84,0,1.22,2.07,10,1.22,3.47,27.0,3.3,1.28,-2.0,1.35,11.0,1.24,1.25,16
3,1.96,9,10.0,A,A,5.0,1.32,1.94,1.33,4,Barcelona,1.61,Alaves,SP1,0,0,1.37,9,3,5.5,1,9.5,1.33,2,16,1.3,1.3,5.88,5.36,1.33,5.5,9,11/02/17,5.25,0,41,11.0,0,5.3,5.25,38,1.91,6,10.0,2.0,21,10.0,2.5,23.0,2.32,11.5,1.5,1.67,1.33,10.05,8.7,9
4,1.91,6,1.08,H,H,11.0,28.52,1.98,18.5,6,Leganes,1.32,Barcelona,SP1,2,0,41.0,4,3,13.0,1,1.09,23.0,0,8,41.0,29.0,15.18,11.36,29.0,11.0,18,19/02/17,10.0,1,44,1.06,0,9.0,10.0,32,1.86,1,1.07,2.04,11,1.1,3.7,22.0,3.35,1.11,-2.75,1.35,27.0,1.08,1.1,13
6,2.15,6,3.0,D,A,3.3,2.42,1.79,2.4,4,Barcelona,1.86,Ath Madrid,SP1,1,0,2.55,5,2,3.5,4,2.95,2.5,0,28,2.38,2.4,3.52,3.41,2.4,3.4,14,26/02/17,3.4,0,49,2.88,0,3.3,3.4,47,2.08,2,3.0,1.83,15,2.9,2.05,23.0,1.94,3.05,0.25,1.95,2.4,2.94,2.95,12
10,2.12,2,1.08,H,H,12.0,30.72,1.8,29.0,9,Sp Gijon,1.16,Barcelona,SP1,6,0,46.0,3,3,15.0,1,1.06,26.0,1,14,41.0,34.0,17.5,13.63,46.0,15.0,12,01/03/17,13.0,3,47,1.06,0,12.0,13.0,36,2.07,1,1.05,1.87,5,1.07,5.85,22.0,5.02,1.1,-3.0,1.19,26.0,1.06,1.07,25
10,2.0,2,1.14,H,H,9.0,17.88,1.91,16.5,9,Celta,1.2,Barcelona,SP1,5,0,23.0,1,3,10.0,1,1.14,17.0,0,10,23.0,17.0,10.4,9.08,20.0,8.5,16,04/03/17,9.0,2,47,1.13,0,8.0,8.75,35,1.96,0,1.13,1.95,7,1.13,4.66,20.0,4.33,1.18,-2.5,1.23,16.0,1.14,1.15,19
4,2.06,5,13.0,H,H,6.0,1.23,1.84,1.22,9,Barcelona,1.39,La Coruna,SP1,2,0,1.27,8,0,7.0,2,13.0,1.25,0,7,1.22,1.22,7.13,6.55,1.22,6.5,8,12/03/17,6.5,1,44,12.0,0,6.5,6.5,34,2.01,1,13.0,1.9,16,12.0,3.12,20.0,2.95,15.0,2.0,1.42,1.2,12.41,15.0,14
6,2.03,5,1.14,D,H,9.5,18.03,1.87,18.5,12,Valencia,1.2,Barcelona,SP1,4,0,20.5,3,4,9.0,3,1.14,17.0,2,4,19.0,19.0,11.25,9.58,17.0,9.5,12,19/03/17,9.5,2,45,1.13,1,8.0,8.5,34,1.98,2,1.13,1.91,6,1.12,4.85,21.0,4.32,1.16,-2.5,1.23,16.0,1.13,1.15,28
1,1.86,13,13.0,A,A,7.0,1.19,2.05,1.2,5,Barcelona,1.3,Granada,SP1,1,1,1.23,9,3,7.5,1,12.5,1.22,1,15,1.2,1.18,7.85,7.21,1.18,7.5,10,02/04/17,7.0,0,46,15.0,0,7.5,7.25,36,1.82,4,13.0,2.12,26,13.0,3.75,22.0,3.46,18.0,2.0,1.33,1.15,13.91,18.0,7
4,1.92,3,1.25,H,H,6.5,10.58,1.97,12.0,7,Sevilla,1.22,Barcelona,SP1,3,0,12.12,4,2,7.0,4,1.25,12.0,0,16,11.0,10.0,7.25,6.71,11.0,7.0,13,05/04/17,6.5,3,45,1.25,1,6.0,6.0,35,1.88,0,1.22,2.03,7,1.25,4.5,22.0,4.22,1.28,-2.0,1.25,11.0,1.25,1.25,15
2,2.02,3,8.0,H,H,5.0,1.35,1.9,1.33,4,Barcelona,1.48,Malaga,SP1,2,0,1.4,3,3,5.4,4,8.25,1.36,0,26,1.36,1.36,5.75,5.24,1.36,5.25,20,08/04/17,5.0,1,47,9.5,1,5.5,5.75,40,1.96,0,8.0,1.94,11,8.0,2.74,23.0,2.6,9.71,1.5,1.55,1.3,8.65,9.5,8
5,1.9,7,1.2,H,H,7.0,13.28,1.99,13.0,9,Sociedad,1.36,Barcelona,SP1,3,0,17.0,4,2,7.0,3,1.18,12.0,2,15,17.0,13.0,7.55,6.84,13.0,6.5,17,15/04/17,6.5,3,45,1.2,0,7.0,6.75,34,1.87,2,1.17,2.06,14,1.22,3.45,21.0,3.09,1.26,-2.0,1.4,12.5,1.21,1.2,16
7,1.87,9,2.15,D,A,3.6,3.23,2.07,3.25,14,Barcelona,1.38,Real Madrid,SP1,2,1,3.36,4,2,4.0,2,2.05,3.2,1,13,3.2,3.2,4.01,3.86,3.2,4.0,8,23/04/17,3.8,1,45,2.05,0,3.8,3.9,36,1.81,3,2.05,2.13,16,2.05,3.15,23.0,2.98,2.16,-0.5,1.42,3.15,2.09,2.1,22
10,2.21,2,1.04,H,H,15.0,38.59,1.75,41.0,9,Osasuna,1.09,Barcelona,SP1,7,0,61.8,1,0,19.0,0,1.03,41.0,0,3,34.0,51.0,23.54,18.07,41.0,17.0,7,26/04/17,19.0,2,42,1.05,0,16.0,19.5,31,2.13,1,1.02,1.8,3,1.05,7.55,21.0,6.75,1.06,-3.5,1.13,42.0,1.04,1.03,19
4,1.93,9,15.0,D,A,6.0,1.19,2.01,1.18,3,Barcelona,1.36,Espanol,SP1,0,0,1.22,5,0,7.5,3,15.0,1.2,0,19,1.18,1.18,7.7,7.13,1.2,7.5,18,29/04/17,6.5,0,42,11.5,0,7.5,6.25,33,1.85,3,15.0,2.08,15,12.0,3.32,19.0,3.03,15.69,2.0,1.4,1.17,14.57,15.0,6
4,1.84,4,1.17,H,H,7.0,15.89,2.08,16.5,8,Villarreal,1.23,Barcelona,SP1,4,0,19.0,3,4,8.5,2,1.16,17.0,1,10,17.0,19.0,9.15,8.13,15.0,8.5,13,06/05/17,8.5,2,43,1.18,0,7.5,7.75,33,1.79,1,1.14,2.14,8,1.15,4.2,20.0,3.99,1.18,-2.5,1.25,15.0,1.16,1.17,20
3,2.04,5,21.0,A,A,10.0,1.1,1.91,1.09,5,Barcelona,1.11,Las Palmas,SP1,1,0,1.13,6,1,12.0,0,23.0,1.1,2,13,1.08,1.06,12.8,10.9,1.09,11.0,15,14/05/17,12.0,0,45,21.0,0,9.0,11.0,35,1.95,4,26.0,1.96,11,23.0,7.0,18.0,6.35,26.0,3.0,1.13,1.12,20.72,20.0,11
10,2.0,4,1.06,A,H,12.0,35.35,1.91,36.0,11,Eibar,1.15,Barcelona,SP1,4,0,51.0,4,2,15.0,1,1.05,34.0,1,3,34.0,41.0,16.5,13.82,36.0,15.0,16,21/05/17,12.0,0,42,1.05,1,12.0,14.5,33,1.95,2,1.05,1.96,6,1.06,5.94,15.0,5.22,1.09,-3.25,1.2,20.0,1.05,1.07,18
